[{"agency_id": 4.0, "agency_name": 4.0, "agency_url": 1.0, "agency_timezone": 4.0, "agency_lang": 4.0, "agency_phone": 4.0, "agency_fare_url": 4.0}, {"agency_id": 5.0, "agency_name": 5.0, "agency_url": 1.0, "agency_timezone": 5.0, "agency_lang": 5.0, "agency_phone": 5.0, "agency_fare_url": 5.0}, {"agency_id": 3.0, "agency_name": 3.0, "agency_url": 1.0, "agency_timezone": 3.0, "agency_lang": 3.0, "agency_phone": 3.0, "agency_fare_url": 3.0}, {"agency_id": 1.0, "agency_name": 1.0, "agency_url": 1.0, "agency_timezone": 1.0, "agency_lang": 1.0, "agency_phone": 1.0, "agency_fare_url": 1.0}, {"agency_id": 2.0, "agency_name": 2.0, "agency_url": 1.0, "agency_timezone": 2.0, "agency_lang": 2.0, "agency_phone": 2.0, "agency_fare_url": 2.0}]