[{"service_id": "0000000000000000000o", "monday": false, "tuesday": false, "wednesday": false, "thursday": false, "friday": false, "saturday": false, "sunday": false, "start_date": "2017-06-29", "end_date": "2018-06-29"}, {"service_id": "0000000000000000000k", "monday": true, "tuesday": true, "wednesday": true, "thursday": true, "friday": true, "saturday": true, "sunday": true, "start_date": "2017-06-29", "end_date": "2018-06-29"}, {"service_id": "0000000000000000000c", "monday": false, "tuesday": false, "wednesday": false, "thursday": false, "friday": false, "saturday": false, "sunday": false, "start_date": "2017-06-29", "end_date": "2018-06-29"}, {"service_id": "0000000000000000000a", "monday": true, "tuesday": true, "wednesday": true, "thursday": true, "friday": true, "saturday": true, "sunday": true, "start_date": "2017-06-29", "end_date": "2018-06-29"}, {"service_id": "00000000000000000006", "monday": false, "tuesday": false, "wednesday": false, "thursday": false, "friday": false, "saturday": false, "sunday": false, "start_date": "2017-06-29", "end_date": "2018-06-29"}, {"service_id": "00000000000000000005", "monday": true, "tuesday": true, "wednesday": true, "thursday": true, "friday": true, "saturday": true, "sunday": true, "start_date": "2017-06-29", "end_date": "2018-06-29"}, {"service_id": "00000000000000000003", "monday": false, "tuesday": false, "wednesday": false, "thursday": false, "friday": false, "saturday": false, "sunday": false, "start_date": "2017-06-29", "end_date": "2018-06-29"}, {"service_id": "0000000000000000000l", "monday": true, "tuesday": true, "wednesday": true, "thursday": true, "friday": true, "saturday": true, "sunday": true, "start_date": "2017-06-29", "end_date": "2018-06-29"}, {"service_id": "0000000000000000000j", "monday": false, "tuesday": false, "wednesday": false, "thursday": false, "friday": false, "saturday": false, "sunday": false, "start_date": "2017-06-29", "end_date": "2018-06-29"}, {"service_id": "0000000000000000000m", "monday": true, "tuesday": true, "wednesday": true, "thursday": true, "friday": true, "saturday": true, "sunday": true, "start_date": "2017-06-29", "end_date": "2018-06-29"}, {"service_id": "0000000000000000000n", "monday": false, "tuesday": false, "wednesday": false, "thursday": false, "friday": false, "saturday": false, "sunday": false, "start_date": "2017-06-29", "end_date": "2018-06-29"}, {"service_id": "0000000000000000000g", "monday": true, "tuesday": true, "wednesday": true, "thursday": true, "friday": true, "saturday": true, "sunday": true, "start_date": "2017-06-29", "end_date": "2018-06-29"}, {"service_id": "0000000000000000000b", "monday": false, "tuesday": false, "wednesday": false, "thursday": false, "friday": false, "saturday": false, "sunday": false, "start_date": "2017-06-29", "end_date": "2018-06-29"}, {"service_id": "00000000000000000008", "monday": true, "tuesday": true, "wednesday": true, "thursday": true, "friday": true, "saturday": true, "sunday": true, "start_date": "2017-06-29", "end_date": "2018-06-29"}, {"service_id": "0000000000000000000h", "monday": false, "tuesday": false, "wednesday": false, "thursday": false, "friday": false, "saturday": false, "sunday": false, "start_date": "2017-06-29", "end_date": "2018-06-29"}, {"service_id": "0000000000000000000i", "monday": true, "tuesday": true, "wednesday": true, "thursday": true, "friday": true, "saturday": true, "sunday": true, "start_date": "2017-06-29", "end_date": "2018-06-29"}, {"service_id": "0000000000000000000p", "monday": false, "tuesday": false, "wednesday": false, "thursday": false, "friday": false, "saturday": false, "sunday": false, "start_date": "2017-06-29", "end_date": "2018-06-29"}, {"service_id": "0000000000000000000d", "monday": true, "tuesday": true, "wednesday": true, "thursday": true, "friday": true, "saturday": true, "sunday": true, "start_date": "2017-06-29", "end_date": "2018-06-29"}, {"service_id": "0000000000000000000f", "monday": false, "tuesday": false, "wednesday": false, "thursday": false, "friday": false, "saturday": false, "sunday": false, "start_date": "2017-06-29", "end_date": "2018-06-29"}, {"service_id": "00000000000000000004", "monday": true, "tuesday": true, "wednesday": true, "thursday": true, "friday": true, "saturday": true, "sunday": true, "start_date": "2017-06-29", "end_date": "2018-06-29"}, {"service_id": "00000000000000000009", "monday": false, "tuesday": false, "wednesday": false, "thursday": false, "friday": false, "saturday": false, "sunday": false, "start_date": "2017-06-29", "end_date": "2018-06-29"}, {"service_id": "00000000000000000002", "monday": true, "tuesday": true, "wednesday": true, "thursday": true, "friday": true, "saturday": true, "sunday": true, "start_date": "2017-06-29", "end_date": "2018-06-29"}, {"service_id": "0000000000000000000e", "monday": false, "tuesday": false, "wednesday": false, "thursday": false, "friday": false, "saturday": false, "sunday": false, "start_date": "2017-06-29", "end_date": "2018-06-29"}, {"service_id": "00000000000000000001", "monday": true, "tuesday": true, "wednesday": true, "thursday": true, "friday": true, "saturday": true, "sunday": true, "start_date": "2017-06-29", "end_date": "2018-06-29"}, {"service_id": "00000000000000000007", "monday": false, "tuesday": false, "wednesday": false, "thursday": false, "friday": false, "saturday": false, "sunday": false, "start_date": "2017-06-29", "end_date": "2018-06-29"}]