[{"feed_publisher_name": 4.0, "feed_publisher_url": 4.0, "feed_lang": 4.0, "feed_start_date": "1970-01-05", "feed_end_date": "1970-01-05", "feed_version": 4.0}, {"feed_publisher_name": 5.0, "feed_publisher_url": 5.0, "feed_lang": 5.0, "feed_start_date": "1970-01-06", "feed_end_date": "1970-01-06", "feed_version": 5.0}, {"feed_publisher_name": 3.0, "feed_publisher_url": 3.0, "feed_lang": 3.0, "feed_start_date": "1970-01-04", "feed_end_date": "1970-01-04", "feed_version": 3.0}, {"feed_publisher_name": 1.0, "feed_publisher_url": 1.0, "feed_lang": 1.0, "feed_start_date": "1970-01-02", "feed_end_date": "1970-01-02", "feed_version": 1.0}, {"feed_publisher_name": 2.0, "feed_publisher_url": 2.0, "feed_lang": 2.0, "feed_start_date": "1970-01-03", "feed_end_date": "1970-01-03", "feed_version": 2.0}]