<?xml version="1.0" encoding="UTF-8"?>
<Category>
	<Record>
		<service_id>0000000000000000001d</service_id>
		<monday>3</monday>
		<tuesday>3</tuesday>
		<wednesday>3</wednesday>
		<thursday>3</thursday>
		<friday>3</friday>
		<saturday>3</saturday>
		<sunday>3</sunday>
		<start_date>2017-06-29</start_date>
		<end_date>2018-06-29</end_date>
	</Record>
	<Record>
		<service_id>00000000000000000014</service_id>
		<monday>2</monday>
		<tuesday>2</tuesday>
		<wednesday>2</wednesday>
		<thursday>2</thursday>
		<friday>2</friday>
		<saturday>2</saturday>
		<sunday>2</sunday>
		<start_date>2017-06-30</start_date>
		<end_date>2018-06-30</end_date>
	</Record>
	<Record>
		<service_id>00000000000000000015</service_id>
		<monday>0</monday>
		<tuesday>0</tuesday>
		<wednesday>0</wednesday>
		<thursday>0</thursday>
		<friday>0</friday>
		<saturday>0</saturday>
		<sunday>0</sunday>
		<start_date>2017-06-29</start_date>
		<end_date>2018-06-29</end_date>
	</Record>
	<Record>
		<service_id>0000000000000000000o</service_id>
		<monday>1</monday>
		<tuesday>1</tuesday>
		<wednesday>1</wednesday>
		<thursday>1</thursday>
		<friday>1</friday>
		<saturday>1</saturday>
		<sunday>1</sunday>
		<start_date>2017-06-30</start_date>
		<end_date>2018-06-30</end_date>
	</Record>
	<Record>
		<service_id>0000000000000000000k</service_id>
		<monday>3</monday>
		<tuesday>3</tuesday>
		<wednesday>3</wednesday>
		<thursday>3</thursday>
		<friday>3</friday>
		<saturday>3</saturday>
		<sunday>3</sunday>
		<start_date>2017-06-29</start_date>
		<end_date>2018-06-29</end_date>
	</Record>
	<Record>
		<service_id>00000000000000000013</service_id>
		<monday>2</monday>
		<tuesday>2</tuesday>
		<wednesday>2</wednesday>
		<thursday>2</thursday>
		<friday>2</friday>
		<saturday>2</saturday>
		<sunday>2</sunday>
		<start_date>2017-06-30</start_date>
		<end_date>2018-06-30</end_date>
	</Record>
	<Record>
		<service_id>00000000000000000019</service_id>
		<monday>0</monday>
		<tuesday>0</tuesday>
		<wednesday>0</wednesday>
		<thursday>0</thursday>
		<friday>0</friday>
		<saturday>0</saturday>
		<sunday>0</sunday>
		<start_date>2017-06-29</start_date>
		<end_date>2018-06-29</end_date>
	</Record>
	<Record>
		<service_id>0000000000000000000c</service_id>
		<monday>1</monday>
		<tuesday>1</tuesday>
		<wednesday>1</wednesday>
		<thursday>1</thursday>
		<friday>1</friday>
		<saturday>1</saturday>
		<sunday>1</sunday>
		<start_date>2017-06-30</start_date>
		<end_date>2018-06-30</end_date>
	</Record>
	<Record>
		<service_id>0000000000000000000r</service_id>
		<monday>3</monday>
		<tuesday>3</tuesday>
		<wednesday>3</wednesday>
		<thursday>3</thursday>
		<friday>3</friday>
		<saturday>3</saturday>
		<sunday>3</sunday>
		<start_date>2017-06-29</start_date>
		<end_date>2018-06-29</end_date>
	</Record>
	<Record>
		<service_id>0000000000000000000a</service_id>
		<monday>2</monday>
		<tuesday>2</tuesday>
		<wednesday>2</wednesday>
		<thursday>2</thursday>
		<friday>2</friday>
		<saturday>2</saturday>
		<sunday>2</sunday>
		<start_date>2017-06-30</start_date>
		<end_date>2018-06-30</end_date>
	</Record>
	<Record>
		<service_id>00000000000000000006</service_id>
		<monday>0</monday>
		<tuesday>0</tuesday>
		<wednesday>0</wednesday>
		<thursday>0</thursday>
		<friday>0</friday>
		<saturday>0</saturday>
		<sunday>0</sunday>
		<start_date>2017-06-29</start_date>
		<end_date>2018-06-29</end_date>
	</Record>
	<Record>
		<service_id>00000000000000000016</service_id>
		<monday>1</monday>
		<tuesday>1</tuesday>
		<wednesday>1</wednesday>
		<thursday>1</thursday>
		<friday>1</friday>
		<saturday>1</saturday>
		<sunday>1</sunday>
		<start_date>2017-06-30</start_date>
		<end_date>2018-06-30</end_date>
	</Record>
	<Record>
		<service_id>00000000000000000012</service_id>
		<monday>3</monday>
		<tuesday>3</tuesday>
		<wednesday>3</wednesday>
		<thursday>3</thursday>
		<friday>3</friday>
		<saturday>3</saturday>
		<sunday>3</sunday>
		<start_date>2017-06-29</start_date>
		<end_date>2018-06-29</end_date>
	</Record>
	<Record>
		<service_id>00000000000000000018</service_id>
		<monday>2</monday>
		<tuesday>2</tuesday>
		<wednesday>2</wednesday>
		<thursday>2</thursday>
		<friday>2</friday>
		<saturday>2</saturday>
		<sunday>2</sunday>
		<start_date>2017-06-30</start_date>
		<end_date>2018-06-30</end_date>
	</Record>
	<Record>
		<service_id>00000000000000000005</service_id>
		<monday>0</monday>
		<tuesday>0</tuesday>
		<wednesday>0</wednesday>
		<thursday>0</thursday>
		<friday>0</friday>
		<saturday>0</saturday>
		<sunday>0</sunday>
		<start_date>2017-06-29</start_date>
		<end_date>2018-06-29</end_date>
	</Record>
	<Record>
		<service_id>0000000000000000000z</service_id>
		<monday>1</monday>
		<tuesday>1</tuesday>
		<wednesday>1</wednesday>
		<thursday>1</thursday>
		<friday>1</friday>
		<saturday>1</saturday>
		<sunday>1</sunday>
		<start_date>2017-06-30</start_date>
		<end_date>2018-06-30</end_date>
	</Record>
	<Record>
		<service_id>00000000000000000017</service_id>
		<monday>3</monday>
		<tuesday>3</tuesday>
		<wednesday>3</wednesday>
		<thursday>3</thursday>
		<friday>3</friday>
		<saturday>3</saturday>
		<sunday>3</sunday>
		<start_date>2017-06-29</start_date>
		<end_date>2018-06-29</end_date>
	</Record>
	<Record>
		<service_id>00000000000000000003</service_id>
		<monday>2</monday>
		<tuesday>2</tuesday>
		<wednesday>2</wednesday>
		<thursday>2</thursday>
		<friday>2</friday>
		<saturday>2</saturday>
		<sunday>2</sunday>
		<start_date>2017-06-30</start_date>
		<end_date>2018-06-30</end_date>
	</Record>
	<Record>
		<service_id>0000000000000000000l</service_id>
		<monday>0</monday>
		<tuesday>0</tuesday>
		<wednesday>0</wednesday>
		<thursday>0</thursday>
		<friday>0</friday>
		<saturday>0</saturday>
		<sunday>0</sunday>
		<start_date>2017-06-29</start_date>
		<end_date>2018-06-29</end_date>
	</Record>
	<Record>
		<service_id>0000000000000000001a</service_id>
		<monday>1</monday>
		<tuesday>1</tuesday>
		<wednesday>1</wednesday>
		<thursday>1</thursday>
		<friday>1</friday>
		<saturday>1</saturday>
		<sunday>1</sunday>
		<start_date>2017-06-30</start_date>
		<end_date>2018-06-30</end_date>
	</Record>
	<Record>
		<service_id>0000000000000000000j</service_id>
		<monday>3</monday>
		<tuesday>3</tuesday>
		<wednesday>3</wednesday>
		<thursday>3</thursday>
		<friday>3</friday>
		<saturday>3</saturday>
		<sunday>3</sunday>
		<start_date>2017-06-29</start_date>
		<end_date>2018-06-29</end_date>
	</Record>
	<Record>
		<service_id>0000000000000000000w</service_id>
		<monday>2</monday>
		<tuesday>2</tuesday>
		<wednesday>2</wednesday>
		<thursday>2</thursday>
		<friday>2</friday>
		<saturday>2</saturday>
		<sunday>2</sunday>
		<start_date>2017-06-30</start_date>
		<end_date>2018-06-30</end_date>
	</Record>
	<Record>
		<service_id>0000000000000000000m</service_id>
		<monday>0</monday>
		<tuesday>0</tuesday>
		<wednesday>0</wednesday>
		<thursday>0</thursday>
		<friday>0</friday>
		<saturday>0</saturday>
		<sunday>0</sunday>
		<start_date>2017-06-29</start_date>
		<end_date>2018-06-29</end_date>
	</Record>
	<Record>
		<service_id>0000000000000000000n</service_id>
		<monday>1</monday>
		<tuesday>1</tuesday>
		<wednesday>1</wednesday>
		<thursday>1</thursday>
		<friday>1</friday>
		<saturday>1</saturday>
		<sunday>1</sunday>
		<start_date>2017-06-30</start_date>
		<end_date>2018-06-30</end_date>
	</Record>
	<Record>
		<service_id>0000000000000000000g</service_id>
		<monday>3</monday>
		<tuesday>3</tuesday>
		<wednesday>3</wednesday>
		<thursday>3</thursday>
		<friday>3</friday>
		<saturday>3</saturday>
		<sunday>3</sunday>
		<start_date>2017-06-29</start_date>
		<end_date>2018-06-29</end_date>
	</Record>
	<Record>
		<service_id>0000000000000000000b</service_id>
		<monday>2</monday>
		<tuesday>2</tuesday>
		<wednesday>2</wednesday>
		<thursday>2</thursday>
		<friday>2</friday>
		<saturday>2</saturday>
		<sunday>2</sunday>
		<start_date>2017-06-30</start_date>
		<end_date>2018-06-30</end_date>
	</Record>
	<Record>
		<service_id>0000000000000000000y</service_id>
		<monday>0</monday>
		<tuesday>0</tuesday>
		<wednesday>0</wednesday>
		<thursday>0</thursday>
		<friday>0</friday>
		<saturday>0</saturday>
		<sunday>0</sunday>
		<start_date>2017-06-29</start_date>
		<end_date>2018-06-29</end_date>
	</Record>
	<Record>
		<service_id>00000000000000000010</service_id>
		<monday>1</monday>
		<tuesday>1</tuesday>
		<wednesday>1</wednesday>
		<thursday>1</thursday>
		<friday>1</friday>
		<saturday>1</saturday>
		<sunday>1</sunday>
		<start_date>2017-06-30</start_date>
		<end_date>2018-06-30</end_date>
	</Record>
	<Record>
		<service_id>0000000000000000001e</service_id>
		<monday>3</monday>
		<tuesday>3</tuesday>
		<wednesday>3</wednesday>
		<thursday>3</thursday>
		<friday>3</friday>
		<saturday>3</saturday>
		<sunday>3</sunday>
		<start_date>2017-06-29</start_date>
		<end_date>2018-06-29</end_date>
	</Record>
	<Record>
		<service_id>0000000000000000001b</service_id>
		<monday>2</monday>
		<tuesday>2</tuesday>
		<wednesday>2</wednesday>
		<thursday>2</thursday>
		<friday>2</friday>
		<saturday>2</saturday>
		<sunday>2</sunday>
		<start_date>2017-06-30</start_date>
		<end_date>2018-06-30</end_date>
	</Record>
	<Record>
		<service_id>0000000000000000000q</service_id>
		<monday>0</monday>
		<tuesday>0</tuesday>
		<wednesday>0</wednesday>
		<thursday>0</thursday>
		<friday>0</friday>
		<saturday>0</saturday>
		<sunday>0</sunday>
		<start_date>2017-06-29</start_date>
		<end_date>2018-06-29</end_date>
	</Record>
	<Record>
		<service_id>0000000000000000000u</service_id>
		<monday>1</monday>
		<tuesday>1</tuesday>
		<wednesday>1</wednesday>
		<thursday>1</thursday>
		<friday>1</friday>
		<saturday>1</saturday>
		<sunday>1</sunday>
		<start_date>2017-06-30</start_date>
		<end_date>2018-06-30</end_date>
	</Record>
	<Record>
		<service_id>00000000000000000008</service_id>
		<monday>3</monday>
		<tuesday>3</tuesday>
		<wednesday>3</wednesday>
		<thursday>3</thursday>
		<friday>3</friday>
		<saturday>3</saturday>
		<sunday>3</sunday>
		<start_date>2017-06-29</start_date>
		<end_date>2018-06-29</end_date>
	</Record>
	<Record>
		<service_id>0000000000000000000h</service_id>
		<monday>2</monday>
		<tuesday>2</tuesday>
		<wednesday>2</wednesday>
		<thursday>2</thursday>
		<friday>2</friday>
		<saturday>2</saturday>
		<sunday>2</sunday>
		<start_date>2017-06-30</start_date>
		<end_date>2018-06-30</end_date>
	</Record>
	<Record>
		<service_id>0000000000000000000i</service_id>
		<monday>0</monday>
		<tuesday>0</tuesday>
		<wednesday>0</wednesday>
		<thursday>0</thursday>
		<friday>0</friday>
		<saturday>0</saturday>
		<sunday>0</sunday>
		<start_date>2017-06-29</start_date>
		<end_date>2018-06-29</end_date>
	</Record>
	<Record>
		<service_id>0000000000000000000p</service_id>
		<monday>1</monday>
		<tuesday>1</tuesday>
		<wednesday>1</wednesday>
		<thursday>1</thursday>
		<friday>1</friday>
		<saturday>1</saturday>
		<sunday>1</sunday>
		<start_date>2017-06-30</start_date>
		<end_date>2018-06-30</end_date>
	</Record>
	<Record>
		<service_id>0000000000000000000d</service_id>
		<monday>3</monday>
		<tuesday>3</tuesday>
		<wednesday>3</wednesday>
		<thursday>3</thursday>
		<friday>3</friday>
		<saturday>3</saturday>
		<sunday>3</sunday>
		<start_date>2017-06-29</start_date>
		<end_date>2018-06-29</end_date>
	</Record>
	<Record>
		<service_id>0000000000000000000v</service_id>
		<monday>2</monday>
		<tuesday>2</tuesday>
		<wednesday>2</wednesday>
		<thursday>2</thursday>
		<friday>2</friday>
		<saturday>2</saturday>
		<sunday>2</sunday>
		<start_date>2017-06-30</start_date>
		<end_date>2018-06-30</end_date>
	</Record>
	<Record>
		<service_id>0000000000000000000f</service_id>
		<monday>0</monday>
		<tuesday>0</tuesday>
		<wednesday>0</wednesday>
		<thursday>0</thursday>
		<friday>0</friday>
		<saturday>0</saturday>
		<sunday>0</sunday>
		<start_date>2017-06-29</start_date>
		<end_date>2018-06-29</end_date>
	</Record>
	<Record>
		<service_id>00000000000000000004</service_id>
		<monday>1</monday>
		<tuesday>1</tuesday>
		<wednesday>1</wednesday>
		<thursday>1</thursday>
		<friday>1</friday>
		<saturday>1</saturday>
		<sunday>1</sunday>
		<start_date>2017-06-30</start_date>
		<end_date>2018-06-30</end_date>
	</Record>
	<Record>
		<service_id>0000000000000000000s</service_id>
		<monday>3</monday>
		<tuesday>3</tuesday>
		<wednesday>3</wednesday>
		<thursday>3</thursday>
		<friday>3</friday>
		<saturday>3</saturday>
		<sunday>3</sunday>
		<start_date>2017-06-29</start_date>
		<end_date>2018-06-29</end_date>
	</Record>
	<Record>
		<service_id>00000000000000000009</service_id>
		<monday>2</monday>
		<tuesday>2</tuesday>
		<wednesday>2</wednesday>
		<thursday>2</thursday>
		<friday>2</friday>
		<saturday>2</saturday>
		<sunday>2</sunday>
		<start_date>2017-06-30</start_date>
		<end_date>2018-06-30</end_date>
	</Record>
	<Record>
		<service_id>00000000000000000011</service_id>
		<monday>0</monday>
		<tuesday>0</tuesday>
		<wednesday>0</wednesday>
		<thursday>0</thursday>
		<friday>0</friday>
		<saturday>0</saturday>
		<sunday>0</sunday>
		<start_date>2017-06-29</start_date>
		<end_date>2018-06-29</end_date>
	</Record>
	<Record>
		<service_id>00000000000000000002</service_id>
		<monday>1</monday>
		<tuesday>1</tuesday>
		<wednesday>1</wednesday>
		<thursday>1</thursday>
		<friday>1</friday>
		<saturday>1</saturday>
		<sunday>1</sunday>
		<start_date>2017-06-30</start_date>
		<end_date>2018-06-30</end_date>
	</Record>
	<Record>
		<service_id>0000000000000000000e</service_id>
		<monday>3</monday>
		<tuesday>3</tuesday>
		<wednesday>3</wednesday>
		<thursday>3</thursday>
		<friday>3</friday>
		<saturday>3</saturday>
		<sunday>3</sunday>
		<start_date>2017-06-29</start_date>
		<end_date>2018-06-29</end_date>
	</Record>
	<Record>
		<service_id>0000000000000000001c</service_id>
		<monday>2</monday>
		<tuesday>2</tuesday>
		<wednesday>2</wednesday>
		<thursday>2</thursday>
		<friday>2</friday>
		<saturday>2</saturday>
		<sunday>2</sunday>
		<start_date>2017-06-30</start_date>
		<end_date>2018-06-30</end_date>
	</Record>
	<Record>
		<service_id>0000000000000000000x</service_id>
		<monday>0</monday>
		<tuesday>0</tuesday>
		<wednesday>0</wednesday>
		<thursday>0</thursday>
		<friday>0</friday>
		<saturday>0</saturday>
		<sunday>0</sunday>
		<start_date>2017-06-29</start_date>
		<end_date>2018-06-29</end_date>
	</Record>
	<Record>
		<service_id>0000000000000000000t</service_id>
		<monday>1</monday>
		<tuesday>1</tuesday>
		<wednesday>1</wednesday>
		<thursday>1</thursday>
		<friday>1</friday>
		<saturday>1</saturday>
		<sunday>1</sunday>
		<start_date>2017-06-30</start_date>
		<end_date>2018-06-30</end_date>
	</Record>
	<Record>
		<service_id>00000000000000000001</service_id>
		<monday>3</monday>
		<tuesday>3</tuesday>
		<wednesday>3</wednesday>
		<thursday>3</thursday>
		<friday>3</friday>
		<saturday>3</saturday>
		<sunday>3</sunday>
		<start_date>2017-06-29</start_date>
		<end_date>2018-06-29</end_date>
	</Record>
	<Record>
		<service_id>00000000000000000007</service_id>
		<monday>2</monday>
		<tuesday>2</tuesday>
		<wednesday>2</wednesday>
		<thursday>2</thursday>
		<friday>2</friday>
		<saturday>2</saturday>
		<sunday>2</sunday>
		<start_date>2017-06-30</start_date>
		<end_date>2018-06-30</end_date>
	</Record>
</Category>