<?xml version="1.0" encoding="UTF-8"?>
<Category>
	<Record>
		<route_id>00000000000000000033</route_id>
		<agency_id>0000000000000000000a</agency_id>
		<route_short_name>00000000000000000033</route_short_name>
		<route_long_name>00000000000000000033</route_long_name>
		<route_desc>00000000000000000033</route_desc>
		<route_type>1</route_type>
		<route_url>0000000000000000000o</route_url>
		<route_color>00000000000000000033</route_color>
		<route_text_color>0000000000000000000o</route_text_color>
	</Record>
	<Record>
		<route_id>00000000000000000037</route_id>
		<agency_id>00000000000000000006</agency_id>
		<route_short_name>00000000000000000037</route_short_name>
		<route_long_name>00000000000000000037</route_long_name>
		<route_desc>00000000000000000037</route_desc>
		<route_type>2</route_type>
		<route_url>0000000000000000000k</route_url>
		<route_color>00000000000000000037</route_color>
		<route_text_color>0000000000000000000k</route_text_color>
	</Record>
	<Record>
		<route_id>0000000000000000001b</route_id>
		<agency_id>00000000000000000005</agency_id>
		<route_short_name>0000000000000000001b</route_short_name>
		<route_long_name>0000000000000000001b</route_long_name>
		<route_desc>0000000000000000001b</route_desc>
		<route_type>1</route_type>
		<route_url>0000000000000000000c</route_url>
		<route_color>0000000000000000001b</route_color>
		<route_text_color>0000000000000000000c</route_text_color>
	</Record>
	<Record>
		<route_id>00000000000000000030</route_id>
		<agency_id>00000000000000000003</agency_id>
		<route_short_name>00000000000000000030</route_short_name>
		<route_long_name>00000000000000000030</route_long_name>
		<route_desc>00000000000000000030</route_desc>
		<route_type>2</route_type>
		<route_url>0000000000000000000a</route_url>
		<route_color>00000000000000000030</route_color>
		<route_text_color>0000000000000000000r</route_text_color>
	</Record>
	<Record>
		<route_id>00000000000000000021</route_id>
		<agency_id>00000000000000000008</agency_id>
		<route_short_name>00000000000000000021</route_short_name>
		<route_long_name>00000000000000000021</route_long_name>
		<route_desc>00000000000000000021</route_desc>
		<route_type>1</route_type>
		<route_url>00000000000000000006</route_url>
		<route_color>00000000000000000021</route_color>
		<route_text_color>0000000000000000000a</route_text_color>
	</Record>
	<Record>
		<route_id>0000000000000000000c</route_id>
		<agency_id>00000000000000000004</agency_id>
		<route_short_name>0000000000000000000c</route_short_name>
		<route_long_name>0000000000000000000c</route_long_name>
		<route_desc>0000000000000000000c</route_desc>
		<route_type>2</route_type>
		<route_url>00000000000000000005</route_url>
		<route_color>0000000000000000000c</route_color>
		<route_text_color>00000000000000000006</route_text_color>
	</Record>
	<Record>
		<route_id>00000000000000000014</route_id>
		<agency_id>00000000000000000009</agency_id>
		<route_short_name>00000000000000000014</route_short_name>
		<route_long_name>00000000000000000014</route_long_name>
		<route_desc>00000000000000000014</route_desc>
		<route_type>1</route_type>
		<route_url>00000000000000000003</route_url>
		<route_color>00000000000000000014</route_color>
		<route_text_color>00000000000000000005</route_text_color>
	</Record>
	<Record>
		<route_id>0000000000000000000v</route_id>
		<agency_id>00000000000000000002</agency_id>
		<route_short_name>0000000000000000000v</route_short_name>
		<route_long_name>0000000000000000000v</route_long_name>
		<route_desc>0000000000000000000v</route_desc>
		<route_type>2</route_type>
		<route_url>0000000000000000000l</route_url>
		<route_color>0000000000000000000v</route_color>
		<route_text_color>00000000000000000003</route_text_color>
	</Record>
	<Record>
		<route_id>0000000000000000001a</route_id>
		<agency_id>00000000000000000001</agency_id>
		<route_short_name>0000000000000000001a</route_short_name>
		<route_long_name>0000000000000000001a</route_long_name>
		<route_desc>0000000000000000001a</route_desc>
		<route_type>1</route_type>
		<route_url>0000000000000000000j</route_url>
		<route_color>0000000000000000001a</route_color>
		<route_text_color>0000000000000000000l</route_text_color>
	</Record>
	<Record>
		<route_id>0000000000000000001p</route_id>
		<agency_id>00000000000000000007</agency_id>
		<route_short_name>0000000000000000001p</route_short_name>
		<route_long_name>0000000000000000001p</route_long_name>
		<route_desc>0000000000000000001p</route_desc>
		<route_type>2</route_type>
		<route_url>0000000000000000000m</route_url>
		<route_color>0000000000000000001p</route_color>
		<route_text_color>0000000000000000000j</route_text_color>
	</Record>
	<Record>
		<route_id>0000000000000000000g</route_id>
		<agency_id>0000000000000000000a</agency_id>
		<route_short_name>0000000000000000000g</route_short_name>
		<route_long_name>0000000000000000000g</route_long_name>
		<route_desc>0000000000000000000g</route_desc>
		<route_type>1</route_type>
		<route_url>0000000000000000000n</route_url>
		<route_color>0000000000000000000g</route_color>
		<route_text_color>0000000000000000000m</route_text_color>
	</Record>
	<Record>
		<route_id>0000000000000000000t</route_id>
		<agency_id>00000000000000000006</agency_id>
		<route_short_name>0000000000000000000t</route_short_name>
		<route_long_name>0000000000000000000t</route_long_name>
		<route_desc>0000000000000000000t</route_desc>
		<route_type>2</route_type>
		<route_url>0000000000000000000g</route_url>
		<route_color>0000000000000000000t</route_color>
		<route_text_color>0000000000000000000n</route_text_color>
	</Record>
	<Record>
		<route_id>0000000000000000002q</route_id>
		<agency_id>00000000000000000005</agency_id>
		<route_short_name>0000000000000000002q</route_short_name>
		<route_long_name>0000000000000000002q</route_long_name>
		<route_desc>0000000000000000002q</route_desc>
		<route_type>1</route_type>
		<route_url>0000000000000000000b</route_url>
		<route_color>0000000000000000002q</route_color>
		<route_text_color>0000000000000000000g</route_text_color>
	</Record>
	<Record>
		<route_id>0000000000000000002d</route_id>
		<agency_id>00000000000000000003</agency_id>
		<route_short_name>0000000000000000002d</route_short_name>
		<route_long_name>0000000000000000002d</route_long_name>
		<route_desc>0000000000000000002d</route_desc>
		<route_type>2</route_type>
		<route_url>0000000000000000000q</route_url>
		<route_color>0000000000000000002d</route_color>
		<route_text_color>0000000000000000000b</route_text_color>
	</Record>
	<Record>
		<route_id>0000000000000000003f</route_id>
		<agency_id>00000000000000000008</agency_id>
		<route_short_name>0000000000000000003f</route_short_name>
		<route_long_name>0000000000000000003f</route_long_name>
		<route_desc>0000000000000000003f</route_desc>
		<route_type>1</route_type>
		<route_url>00000000000000000008</route_url>
		<route_color>0000000000000000003f</route_color>
		<route_text_color>0000000000000000000q</route_text_color>
	</Record>
	<Record>
		<route_id>0000000000000000002x</route_id>
		<agency_id>00000000000000000004</agency_id>
		<route_short_name>0000000000000000002x</route_short_name>
		<route_long_name>0000000000000000002x</route_long_name>
		<route_desc>0000000000000000002x</route_desc>
		<route_type>2</route_type>
		<route_url>0000000000000000000h</route_url>
		<route_color>0000000000000000002x</route_color>
		<route_text_color>0000000000000000000u</route_text_color>
	</Record>
	<Record>
		<route_id>0000000000000000000j</route_id>
		<agency_id>00000000000000000009</agency_id>
		<route_short_name>0000000000000000000j</route_short_name>
		<route_long_name>0000000000000000000j</route_long_name>
		<route_desc>0000000000000000000j</route_desc>
		<route_type>1</route_type>
		<route_url>0000000000000000000i</route_url>
		<route_color>0000000000000000000j</route_color>
		<route_text_color>00000000000000000008</route_text_color>
	</Record>
	<Record>
		<route_id>0000000000000000002r</route_id>
		<agency_id>00000000000000000002</agency_id>
		<route_short_name>0000000000000000002r</route_short_name>
		<route_long_name>0000000000000000002r</route_long_name>
		<route_desc>0000000000000000002r</route_desc>
		<route_type>2</route_type>
		<route_url>0000000000000000000p</route_url>
		<route_color>0000000000000000002r</route_color>
		<route_text_color>0000000000000000000h</route_text_color>
	</Record>
	<Record>
		<route_id>0000000000000000002j</route_id>
		<agency_id>00000000000000000001</agency_id>
		<route_short_name>0000000000000000002j</route_short_name>
		<route_long_name>0000000000000000002j</route_long_name>
		<route_desc>0000000000000000002j</route_desc>
		<route_type>1</route_type>
		<route_url>0000000000000000000d</route_url>
		<route_color>0000000000000000002j</route_color>
		<route_text_color>0000000000000000000i</route_text_color>
	</Record>
	<Record>
		<route_id>0000000000000000000b</route_id>
		<agency_id>00000000000000000007</agency_id>
		<route_short_name>0000000000000000000b</route_short_name>
		<route_long_name>0000000000000000000b</route_long_name>
		<route_desc>0000000000000000000b</route_desc>
		<route_type>2</route_type>
		<route_url>0000000000000000000f</route_url>
		<route_color>0000000000000000000b</route_color>
		<route_text_color>0000000000000000000p</route_text_color>
	</Record>
	<Record>
		<route_id>0000000000000000000y</route_id>
		<agency_id>0000000000000000000a</agency_id>
		<route_short_name>0000000000000000000y</route_short_name>
		<route_long_name>0000000000000000000y</route_long_name>
		<route_desc>0000000000000000000y</route_desc>
		<route_type>1</route_type>
		<route_url>00000000000000000004</route_url>
		<route_color>0000000000000000000y</route_color>
		<route_text_color>0000000000000000000d</route_text_color>
	</Record>
	<Record>
		<route_id>00000000000000000016</route_id>
		<agency_id>00000000000000000006</agency_id>
		<route_short_name>00000000000000000016</route_short_name>
		<route_long_name>00000000000000000016</route_long_name>
		<route_desc>00000000000000000016</route_desc>
		<route_type>2</route_type>
		<route_url>00000000000000000009</route_url>
		<route_color>00000000000000000016</route_color>
		<route_text_color>0000000000000000000f</route_text_color>
	</Record>
	<Record>
		<route_id>0000000000000000002b</route_id>
		<agency_id>00000000000000000005</agency_id>
		<route_short_name>0000000000000000002b</route_short_name>
		<route_long_name>0000000000000000002b</route_long_name>
		<route_desc>0000000000000000002b</route_desc>
		<route_type>1</route_type>
		<route_url>00000000000000000002</route_url>
		<route_color>0000000000000000002b</route_color>
		<route_text_color>00000000000000000004</route_text_color>
	</Record>
	<Record>
		<route_id>00000000000000000019</route_id>
		<agency_id>00000000000000000003</agency_id>
		<route_short_name>00000000000000000019</route_short_name>
		<route_long_name>00000000000000000019</route_long_name>
		<route_desc>00000000000000000019</route_desc>
		<route_type>2</route_type>
		<route_url>0000000000000000000e</route_url>
		<route_color>00000000000000000019</route_color>
		<route_text_color>0000000000000000000s</route_text_color>
	</Record>
	<Record>
		<route_id>00000000000000000013</route_id>
		<agency_id>00000000000000000008</agency_id>
		<route_short_name>00000000000000000013</route_short_name>
		<route_long_name>00000000000000000013</route_long_name>
		<route_desc>00000000000000000013</route_desc>
		<route_type>1</route_type>
		<route_url>00000000000000000001</route_url>
		<route_color>00000000000000000013</route_color>
		<route_text_color>00000000000000000009</route_text_color>
	</Record>
	<Record>
		<route_id>00000000000000000005</route_id>
		<agency_id>00000000000000000004</agency_id>
		<route_short_name>00000000000000000005</route_short_name>
		<route_long_name>00000000000000000005</route_long_name>
		<route_desc>00000000000000000005</route_desc>
		<route_type>2</route_type>
		<route_url>00000000000000000007</route_url>
		<route_color>00000000000000000005</route_color>
		<route_text_color>00000000000000000002</route_text_color>
	</Record>
	<Record>
		<route_id>0000000000000000003m</route_id>
		<agency_id>00000000000000000009</agency_id>
		<route_short_name>0000000000000000003m</route_short_name>
		<route_long_name>0000000000000000003m</route_long_name>
		<route_desc>0000000000000000003m</route_desc>
		<route_type>1</route_type>
		<route_url>0000000000000000000o</route_url>
		<route_color>0000000000000000003m</route_color>
		<route_text_color>0000000000000000000e</route_text_color>
	</Record>
	<Record>
		<route_id>0000000000000000002p</route_id>
		<agency_id>00000000000000000002</agency_id>
		<route_short_name>0000000000000000002p</route_short_name>
		<route_long_name>0000000000000000002p</route_long_name>
		<route_desc>0000000000000000002p</route_desc>
		<route_type>2</route_type>
		<route_url>0000000000000000000k</route_url>
		<route_color>0000000000000000002p</route_color>
		<route_text_color>0000000000000000000t</route_text_color>
	</Record>
	<Record>
		<route_id>0000000000000000001k</route_id>
		<agency_id>00000000000000000001</agency_id>
		<route_short_name>0000000000000000001k</route_short_name>
		<route_long_name>0000000000000000001k</route_long_name>
		<route_desc>0000000000000000001k</route_desc>
		<route_type>1</route_type>
		<route_url>0000000000000000000c</route_url>
		<route_color>0000000000000000001k</route_color>
		<route_text_color>00000000000000000001</route_text_color>
	</Record>
	<Record>
		<route_id>0000000000000000000i</route_id>
		<agency_id>00000000000000000007</agency_id>
		<route_short_name>0000000000000000000i</route_short_name>
		<route_long_name>0000000000000000000i</route_long_name>
		<route_desc>0000000000000000000i</route_desc>
		<route_type>2</route_type>
		<route_url>0000000000000000000a</route_url>
		<route_color>0000000000000000000i</route_color>
		<route_text_color>00000000000000000007</route_text_color>
	</Record>
	<Record>
		<route_id>0000000000000000001o</route_id>
		<agency_id>0000000000000000000a</agency_id>
		<route_short_name>0000000000000000001o</route_short_name>
		<route_long_name>0000000000000000001o</route_long_name>
		<route_desc>0000000000000000001o</route_desc>
		<route_type>1</route_type>
		<route_url>00000000000000000006</route_url>
		<route_color>0000000000000000001o</route_color>
		<route_text_color>0000000000000000000o</route_text_color>
	</Record>
	<Record>
		<route_id>00000000000000000002</route_id>
		<agency_id>00000000000000000006</agency_id>
		<route_short_name>00000000000000000002</route_short_name>
		<route_long_name>00000000000000000002</route_long_name>
		<route_desc>00000000000000000002</route_desc>
		<route_type>2</route_type>
		<route_url>00000000000000000005</route_url>
		<route_color>00000000000000000002</route_color>
		<route_text_color>0000000000000000000k</route_text_color>
	</Record>
	<Record>
		<route_id>0000000000000000001g</route_id>
		<agency_id>00000000000000000005</agency_id>
		<route_short_name>0000000000000000001g</route_short_name>
		<route_long_name>0000000000000000001g</route_long_name>
		<route_desc>0000000000000000001g</route_desc>
		<route_type>1</route_type>
		<route_url>00000000000000000003</route_url>
		<route_color>0000000000000000001g</route_color>
		<route_text_color>0000000000000000000c</route_text_color>
	</Record>
	<Record>
		<route_id>0000000000000000001x</route_id>
		<agency_id>00000000000000000003</agency_id>
		<route_short_name>0000000000000000001x</route_short_name>
		<route_long_name>0000000000000000001x</route_long_name>
		<route_desc>0000000000000000001x</route_desc>
		<route_type>2</route_type>
		<route_url>0000000000000000000l</route_url>
		<route_color>0000000000000000001x</route_color>
		<route_text_color>0000000000000000000r</route_text_color>
	</Record>
	<Record>
		<route_id>0000000000000000002m</route_id>
		<agency_id>00000000000000000008</agency_id>
		<route_short_name>0000000000000000002m</route_short_name>
		<route_long_name>0000000000000000002m</route_long_name>
		<route_desc>0000000000000000002m</route_desc>
		<route_type>1</route_type>
		<route_url>0000000000000000000j</route_url>
		<route_color>0000000000000000002m</route_color>
		<route_text_color>0000000000000000000a</route_text_color>
	</Record>
	<Record>
		<route_id>0000000000000000000o</route_id>
		<agency_id>00000000000000000004</agency_id>
		<route_short_name>0000000000000000000o</route_short_name>
		<route_long_name>0000000000000000000o</route_long_name>
		<route_desc>0000000000000000000o</route_desc>
		<route_type>2</route_type>
		<route_url>0000000000000000000m</route_url>
		<route_color>0000000000000000000o</route_color>
		<route_text_color>00000000000000000006</route_text_color>
	</Record>
	<Record>
		<route_id>00000000000000000028</route_id>
		<agency_id>00000000000000000009</agency_id>
		<route_short_name>00000000000000000028</route_short_name>
		<route_long_name>00000000000000000028</route_long_name>
		<route_desc>00000000000000000028</route_desc>
		<route_type>1</route_type>
		<route_url>0000000000000000000n</route_url>
		<route_color>00000000000000000028</route_color>
		<route_text_color>00000000000000000005</route_text_color>
	</Record>
	<Record>
		<route_id>0000000000000000001q</route_id>
		<agency_id>00000000000000000002</agency_id>
		<route_short_name>0000000000000000001q</route_short_name>
		<route_long_name>0000000000000000001q</route_long_name>
		<route_desc>0000000000000000001q</route_desc>
		<route_type>2</route_type>
		<route_url>0000000000000000000g</route_url>
		<route_color>0000000000000000001q</route_color>
		<route_text_color>00000000000000000003</route_text_color>
	</Record>
	<Record>
		<route_id>0000000000000000003d</route_id>
		<agency_id>00000000000000000001</agency_id>
		<route_short_name>0000000000000000003d</route_short_name>
		<route_long_name>0000000000000000003d</route_long_name>
		<route_desc>0000000000000000003d</route_desc>
		<route_type>1</route_type>
		<route_url>0000000000000000000b</route_url>
		<route_color>0000000000000000003d</route_color>
		<route_text_color>0000000000000000000l</route_text_color>
	</Record>
	<Record>
		<route_id>0000000000000000003b</route_id>
		<agency_id>00000000000000000007</agency_id>
		<route_short_name>0000000000000000003b</route_short_name>
		<route_long_name>0000000000000000003b</route_long_name>
		<route_desc>0000000000000000003b</route_desc>
		<route_type>2</route_type>
		<route_url>0000000000000000000q</route_url>
		<route_color>0000000000000000003b</route_color>
		<route_text_color>0000000000000000000j</route_text_color>
	</Record>
	<Record>
		<route_id>0000000000000000001v</route_id>
		<agency_id>0000000000000000000a</agency_id>
		<route_short_name>0000000000000000001v</route_short_name>
		<route_long_name>0000000000000000001v</route_long_name>
		<route_desc>0000000000000000001v</route_desc>
		<route_type>1</route_type>
		<route_url>00000000000000000008</route_url>
		<route_color>0000000000000000001v</route_color>
		<route_text_color>0000000000000000000m</route_text_color>
	</Record>
	<Record>
		<route_id>0000000000000000002h</route_id>
		<agency_id>00000000000000000006</agency_id>
		<route_short_name>0000000000000000002h</route_short_name>
		<route_long_name>0000000000000000002h</route_long_name>
		<route_desc>0000000000000000002h</route_desc>
		<route_type>2</route_type>
		<route_url>0000000000000000000h</route_url>
		<route_color>0000000000000000002h</route_color>
		<route_text_color>0000000000000000000n</route_text_color>
	</Record>
	<Record>
		<route_id>0000000000000000002k</route_id>
		<agency_id>00000000000000000005</agency_id>
		<route_short_name>0000000000000000002k</route_short_name>
		<route_long_name>0000000000000000002k</route_long_name>
		<route_desc>0000000000000000002k</route_desc>
		<route_type>1</route_type>
		<route_url>0000000000000000000i</route_url>
		<route_color>0000000000000000002k</route_color>
		<route_text_color>0000000000000000000g</route_text_color>
	</Record>
	<Record>
		<route_id>0000000000000000003e</route_id>
		<agency_id>00000000000000000003</agency_id>
		<route_short_name>0000000000000000003e</route_short_name>
		<route_long_name>0000000000000000003e</route_long_name>
		<route_desc>0000000000000000003e</route_desc>
		<route_type>2</route_type>
		<route_url>0000000000000000000p</route_url>
		<route_color>0000000000000000003e</route_color>
		<route_text_color>0000000000000000000b</route_text_color>
	</Record>
	<Record>
		<route_id>0000000000000000000w</route_id>
		<agency_id>00000000000000000008</agency_id>
		<route_short_name>0000000000000000000w</route_short_name>
		<route_long_name>0000000000000000000w</route_long_name>
		<route_desc>0000000000000000000w</route_desc>
		<route_type>1</route_type>
		<route_url>0000000000000000000d</route_url>
		<route_color>0000000000000000000w</route_color>
		<route_text_color>0000000000000000000q</route_text_color>
	</Record>
	<Record>
		<route_id>0000000000000000001n</route_id>
		<agency_id>00000000000000000004</agency_id>
		<route_short_name>0000000000000000001n</route_short_name>
		<route_long_name>0000000000000000001n</route_long_name>
		<route_desc>0000000000000000001n</route_desc>
		<route_type>2</route_type>
		<route_url>0000000000000000000f</route_url>
		<route_color>0000000000000000001n</route_color>
		<route_text_color>0000000000000000000u</route_text_color>
	</Record>
	<Record>
		<route_id>0000000000000000002n</route_id>
		<agency_id>00000000000000000009</agency_id>
		<route_short_name>0000000000000000002n</route_short_name>
		<route_long_name>0000000000000000002n</route_long_name>
		<route_desc>0000000000000000002n</route_desc>
		<route_type>1</route_type>
		<route_url>00000000000000000004</route_url>
		<route_color>0000000000000000002n</route_color>
		<route_text_color>00000000000000000008</route_text_color>
	</Record>
	<Record>
		<route_id>0000000000000000001j</route_id>
		<agency_id>00000000000000000002</agency_id>
		<route_short_name>0000000000000000001j</route_short_name>
		<route_long_name>0000000000000000001j</route_long_name>
		<route_desc>0000000000000000001j</route_desc>
		<route_type>2</route_type>
		<route_url>00000000000000000009</route_url>
		<route_color>0000000000000000001j</route_color>
		<route_text_color>0000000000000000000h</route_text_color>
	</Record>
	<Record>
		<route_id>0000000000000000001m</route_id>
		<agency_id>00000000000000000001</agency_id>
		<route_short_name>0000000000000000001m</route_short_name>
		<route_long_name>0000000000000000001m</route_long_name>
		<route_desc>0000000000000000001m</route_desc>
		<route_type>1</route_type>
		<route_url>00000000000000000002</route_url>
		<route_color>0000000000000000001m</route_color>
		<route_text_color>0000000000000000000i</route_text_color>
	</Record>
	<Record>
		<route_id>0000000000000000001f</route_id>
		<agency_id>00000000000000000007</agency_id>
		<route_short_name>0000000000000000001f</route_short_name>
		<route_long_name>0000000000000000001f</route_long_name>
		<route_desc>0000000000000000001f</route_desc>
		<route_type>2</route_type>
		<route_url>0000000000000000000e</route_url>
		<route_color>0000000000000000001f</route_color>
		<route_text_color>0000000000000000000p</route_text_color>
	</Record>
	<Record>
		<route_id>0000000000000000001r</route_id>
		<agency_id>0000000000000000000a</agency_id>
		<route_short_name>0000000000000000001r</route_short_name>
		<route_long_name>0000000000000000001r</route_long_name>
		<route_desc>0000000000000000001r</route_desc>
		<route_type>1</route_type>
		<route_url>00000000000000000001</route_url>
		<route_color>0000000000000000001r</route_color>
		<route_text_color>0000000000000000000d</route_text_color>
	</Record>
	<Record>
		<route_id>00000000000000000012</route_id>
		<agency_id>00000000000000000006</agency_id>
		<route_short_name>00000000000000000012</route_short_name>
		<route_long_name>00000000000000000012</route_long_name>
		<route_desc>00000000000000000012</route_desc>
		<route_type>2</route_type>
		<route_url>00000000000000000007</route_url>
		<route_color>00000000000000000012</route_color>
		<route_text_color>0000000000000000000f</route_text_color>
	</Record>
	<Record>
		<route_id>0000000000000000002v</route_id>
		<agency_id>00000000000000000005</agency_id>
		<route_short_name>0000000000000000002v</route_short_name>
		<route_long_name>0000000000000000002v</route_long_name>
		<route_desc>0000000000000000002v</route_desc>
		<route_type>1</route_type>
		<route_url>0000000000000000000o</route_url>
		<route_color>0000000000000000002v</route_color>
		<route_text_color>00000000000000000004</route_text_color>
	</Record>
	<Record>
		<route_id>00000000000000000007</route_id>
		<agency_id>00000000000000000003</agency_id>
		<route_short_name>00000000000000000007</route_short_name>
		<route_long_name>00000000000000000007</route_long_name>
		<route_desc>00000000000000000007</route_desc>
		<route_type>2</route_type>
		<route_url>0000000000000000000k</route_url>
		<route_color>00000000000000000007</route_color>
		<route_text_color>0000000000000000000s</route_text_color>
	</Record>
	<Record>
		<route_id>0000000000000000000m</route_id>
		<agency_id>00000000000000000008</agency_id>
		<route_short_name>0000000000000000000m</route_short_name>
		<route_long_name>0000000000000000000m</route_long_name>
		<route_desc>0000000000000000000m</route_desc>
		<route_type>1</route_type>
		<route_url>0000000000000000000c</route_url>
		<route_color>0000000000000000000m</route_color>
		<route_text_color>00000000000000000009</route_text_color>
	</Record>
	<Record>
		<route_id>0000000000000000001w</route_id>
		<agency_id>00000000000000000004</agency_id>
		<route_short_name>0000000000000000001w</route_short_name>
		<route_long_name>0000000000000000001w</route_long_name>
		<route_desc>0000000000000000001w</route_desc>
		<route_type>2</route_type>
		<route_url>0000000000000000000a</route_url>
		<route_color>0000000000000000001w</route_color>
		<route_text_color>00000000000000000002</route_text_color>
	</Record>
	<Record>
		<route_id>0000000000000000000p</route_id>
		<agency_id>00000000000000000009</agency_id>
		<route_short_name>0000000000000000000p</route_short_name>
		<route_long_name>0000000000000000000p</route_long_name>
		<route_desc>0000000000000000000p</route_desc>
		<route_type>1</route_type>
		<route_url>00000000000000000006</route_url>
		<route_color>0000000000000000000p</route_color>
		<route_text_color>0000000000000000000e</route_text_color>
	</Record>
	<Record>
		<route_id>0000000000000000002c</route_id>
		<agency_id>00000000000000000002</agency_id>
		<route_short_name>0000000000000000002c</route_short_name>
		<route_long_name>0000000000000000002c</route_long_name>
		<route_desc>0000000000000000002c</route_desc>
		<route_type>2</route_type>
		<route_url>00000000000000000005</route_url>
		<route_color>0000000000000000002c</route_color>
		<route_text_color>0000000000000000000t</route_text_color>
	</Record>
	<Record>
		<route_id>00000000000000000017</route_id>
		<agency_id>00000000000000000001</agency_id>
		<route_short_name>00000000000000000017</route_short_name>
		<route_long_name>00000000000000000017</route_long_name>
		<route_desc>00000000000000000017</route_desc>
		<route_type>1</route_type>
		<route_url>00000000000000000003</route_url>
		<route_color>00000000000000000017</route_color>
		<route_text_color>00000000000000000001</route_text_color>
	</Record>
	<Record>
		<route_id>00000000000000000031</route_id>
		<agency_id>00000000000000000007</agency_id>
		<route_short_name>00000000000000000031</route_short_name>
		<route_long_name>00000000000000000031</route_long_name>
		<route_desc>00000000000000000031</route_desc>
		<route_type>2</route_type>
		<route_url>0000000000000000000l</route_url>
		<route_color>00000000000000000031</route_color>
		<route_text_color>00000000000000000007</route_text_color>
	</Record>
	<Record>
		<route_id>0000000000000000000r</route_id>
		<agency_id>0000000000000000000a</agency_id>
		<route_short_name>0000000000000000000r</route_short_name>
		<route_long_name>0000000000000000000r</route_long_name>
		<route_desc>0000000000000000000r</route_desc>
		<route_type>1</route_type>
		<route_url>0000000000000000000j</route_url>
		<route_color>0000000000000000000r</route_color>
		<route_text_color>0000000000000000000o</route_text_color>
	</Record>
	<Record>
		<route_id>0000000000000000002i</route_id>
		<agency_id>00000000000000000006</agency_id>
		<route_short_name>0000000000000000002i</route_short_name>
		<route_long_name>0000000000000000002i</route_long_name>
		<route_desc>0000000000000000002i</route_desc>
		<route_type>2</route_type>
		<route_url>0000000000000000000m</route_url>
		<route_color>0000000000000000002i</route_color>
		<route_text_color>0000000000000000000k</route_text_color>
	</Record>
	<Record>
		<route_id>00000000000000000003</route_id>
		<agency_id>00000000000000000005</agency_id>
		<route_short_name>00000000000000000003</route_short_name>
		<route_long_name>00000000000000000003</route_long_name>
		<route_desc>00000000000000000003</route_desc>
		<route_type>1</route_type>
		<route_url>0000000000000000000n</route_url>
		<route_color>00000000000000000003</route_color>
		<route_text_color>0000000000000000000c</route_text_color>
	</Record>
	<Record>
		<route_id>00000000000000000026</route_id>
		<agency_id>00000000000000000003</agency_id>
		<route_short_name>00000000000000000026</route_short_name>
		<route_long_name>00000000000000000026</route_long_name>
		<route_desc>00000000000000000026</route_desc>
		<route_type>2</route_type>
		<route_url>0000000000000000000g</route_url>
		<route_color>00000000000000000026</route_color>
		<route_text_color>0000000000000000000r</route_text_color>
	</Record>
	<Record>
		<route_id>0000000000000000000a</route_id>
		<agency_id>00000000000000000008</agency_id>
		<route_short_name>0000000000000000000a</route_short_name>
		<route_long_name>0000000000000000000a</route_long_name>
		<route_desc>0000000000000000000a</route_desc>
		<route_type>1</route_type>
		<route_url>0000000000000000000b</route_url>
		<route_color>0000000000000000000a</route_color>
		<route_text_color>0000000000000000000a</route_text_color>
	</Record>
	<Record>
		<route_id>0000000000000000002t</route_id>
		<agency_id>00000000000000000004</agency_id>
		<route_short_name>0000000000000000002t</route_short_name>
		<route_long_name>0000000000000000002t</route_long_name>
		<route_desc>0000000000000000002t</route_desc>
		<route_type>2</route_type>
		<route_url>0000000000000000000q</route_url>
		<route_color>0000000000000000002t</route_color>
		<route_text_color>00000000000000000006</route_text_color>
	</Record>
	<Record>
		<route_id>00000000000000000034</route_id>
		<agency_id>00000000000000000009</agency_id>
		<route_short_name>00000000000000000034</route_short_name>
		<route_long_name>00000000000000000034</route_long_name>
		<route_desc>00000000000000000034</route_desc>
		<route_type>1</route_type>
		<route_url>00000000000000000008</route_url>
		<route_color>00000000000000000034</route_color>
		<route_text_color>00000000000000000005</route_text_color>
	</Record>
	<Record>
		<route_id>00000000000000000011</route_id>
		<agency_id>00000000000000000002</agency_id>
		<route_short_name>00000000000000000011</route_short_name>
		<route_long_name>00000000000000000011</route_long_name>
		<route_desc>00000000000000000011</route_desc>
		<route_type>2</route_type>
		<route_url>0000000000000000000h</route_url>
		<route_color>00000000000000000011</route_color>
		<route_text_color>00000000000000000003</route_text_color>
	</Record>
	<Record>
		<route_id>0000000000000000001z</route_id>
		<agency_id>00000000000000000001</agency_id>
		<route_short_name>0000000000000000001z</route_short_name>
		<route_long_name>0000000000000000001z</route_long_name>
		<route_desc>0000000000000000001z</route_desc>
		<route_type>1</route_type>
		<route_url>0000000000000000000i</route_url>
		<route_color>0000000000000000001z</route_color>
		<route_text_color>0000000000000000000l</route_text_color>
	</Record>
	<Record>
		<route_id>00000000000000000027</route_id>
		<agency_id>00000000000000000007</agency_id>
		<route_short_name>00000000000000000027</route_short_name>
		<route_long_name>00000000000000000027</route_long_name>
		<route_desc>00000000000000000027</route_desc>
		<route_type>2</route_type>
		<route_url>0000000000000000000p</route_url>
		<route_color>00000000000000000027</route_color>
		<route_text_color>0000000000000000000j</route_text_color>
	</Record>
	<Record>
		<route_id>00000000000000000010</route_id>
		<agency_id>0000000000000000000a</agency_id>
		<route_short_name>00000000000000000010</route_short_name>
		<route_long_name>00000000000000000010</route_long_name>
		<route_desc>00000000000000000010</route_desc>
		<route_type>1</route_type>
		<route_url>0000000000000000000d</route_url>
		<route_color>00000000000000000010</route_color>
		<route_text_color>0000000000000000000m</route_text_color>
	</Record>
	<Record>
		<route_id>0000000000000000003c</route_id>
		<agency_id>00000000000000000006</agency_id>
		<route_short_name>0000000000000000003c</route_short_name>
		<route_long_name>0000000000000000003c</route_long_name>
		<route_desc>0000000000000000003c</route_desc>
		<route_type>2</route_type>
		<route_url>0000000000000000000f</route_url>
		<route_color>0000000000000000003c</route_color>
		<route_text_color>0000000000000000000n</route_text_color>
	</Record>
	<Record>
		<route_id>0000000000000000002l</route_id>
		<agency_id>00000000000000000005</agency_id>
		<route_short_name>0000000000000000002l</route_short_name>
		<route_long_name>0000000000000000002l</route_long_name>
		<route_desc>0000000000000000002l</route_desc>
		<route_type>1</route_type>
		<route_url>00000000000000000004</route_url>
		<route_color>0000000000000000002l</route_color>
		<route_text_color>0000000000000000000g</route_text_color>
	</Record>
	<Record>
		<route_id>00000000000000000004</route_id>
		<agency_id>00000000000000000003</agency_id>
		<route_short_name>00000000000000000004</route_short_name>
		<route_long_name>00000000000000000004</route_long_name>
		<route_desc>00000000000000000004</route_desc>
		<route_type>2</route_type>
		<route_url>00000000000000000009</route_url>
		<route_color>00000000000000000004</route_color>
		<route_text_color>0000000000000000000b</route_text_color>
	</Record>
	<Record>
		<route_id>0000000000000000002w</route_id>
		<agency_id>00000000000000000008</agency_id>
		<route_short_name>0000000000000000002w</route_short_name>
		<route_long_name>0000000000000000002w</route_long_name>
		<route_desc>0000000000000000002w</route_desc>
		<route_type>1</route_type>
		<route_url>00000000000000000002</route_url>
		<route_color>0000000000000000002w</route_color>
		<route_text_color>0000000000000000000q</route_text_color>
	</Record>
	<Record>
		<route_id>0000000000000000002z</route_id>
		<agency_id>00000000000000000004</agency_id>
		<route_short_name>0000000000000000002z</route_short_name>
		<route_long_name>0000000000000000002z</route_long_name>
		<route_desc>0000000000000000002z</route_desc>
		<route_type>2</route_type>
		<route_url>0000000000000000000e</route_url>
		<route_color>0000000000000000002z</route_color>
		<route_text_color>0000000000000000000u</route_text_color>
	</Record>
	<Record>
		<route_id>0000000000000000001c</route_id>
		<agency_id>00000000000000000009</agency_id>
		<route_short_name>0000000000000000001c</route_short_name>
		<route_long_name>0000000000000000001c</route_long_name>
		<route_desc>0000000000000000001c</route_desc>
		<route_type>1</route_type>
		<route_url>00000000000000000001</route_url>
		<route_color>0000000000000000001c</route_color>
		<route_text_color>00000000000000000008</route_text_color>
	</Record>
	<Record>
		<route_id>0000000000000000003g</route_id>
		<agency_id>00000000000000000002</agency_id>
		<route_short_name>0000000000000000003g</route_short_name>
		<route_long_name>0000000000000000003g</route_long_name>
		<route_desc>0000000000000000003g</route_desc>
		<route_type>2</route_type>
		<route_url>00000000000000000007</route_url>
		<route_color>0000000000000000003g</route_color>
		<route_text_color>0000000000000000000h</route_text_color>
	</Record>
	<Record>
		<route_id>00000000000000000025</route_id>
		<agency_id>00000000000000000001</agency_id>
		<route_short_name>00000000000000000025</route_short_name>
		<route_long_name>00000000000000000025</route_long_name>
		<route_desc>00000000000000000025</route_desc>
		<route_type>1</route_type>
		<route_url>0000000000000000000o</route_url>
		<route_color>00000000000000000025</route_color>
		<route_text_color>0000000000000000000i</route_text_color>
	</Record>
	<Record>
		<route_id>0000000000000000003j</route_id>
		<agency_id>00000000000000000007</agency_id>
		<route_short_name>0000000000000000003j</route_short_name>
		<route_long_name>0000000000000000003j</route_long_name>
		<route_desc>0000000000000000003j</route_desc>
		<route_type>2</route_type>
		<route_url>0000000000000000000k</route_url>
		<route_color>0000000000000000003j</route_color>
		<route_text_color>0000000000000000000p</route_text_color>
	</Record>
	<Record>
		<route_id>0000000000000000002f</route_id>
		<agency_id>0000000000000000000a</agency_id>
		<route_short_name>0000000000000000002f</route_short_name>
		<route_long_name>0000000000000000002f</route_long_name>
		<route_desc>0000000000000000002f</route_desc>
		<route_type>1</route_type>
		<route_url>0000000000000000000c</route_url>
		<route_color>0000000000000000002f</route_color>
		<route_text_color>0000000000000000000d</route_text_color>
	</Record>
	<Record>
		<route_id>0000000000000000001h</route_id>
		<agency_id>00000000000000000006</agency_id>
		<route_short_name>0000000000000000001h</route_short_name>
		<route_long_name>0000000000000000001h</route_long_name>
		<route_desc>0000000000000000001h</route_desc>
		<route_type>2</route_type>
		<route_url>0000000000000000000a</route_url>
		<route_color>0000000000000000001h</route_color>
		<route_text_color>0000000000000000000f</route_text_color>
	</Record>
	<Record>
		<route_id>0000000000000000001s</route_id>
		<agency_id>00000000000000000005</agency_id>
		<route_short_name>0000000000000000001s</route_short_name>
		<route_long_name>0000000000000000001s</route_long_name>
		<route_desc>0000000000000000001s</route_desc>
		<route_type>1</route_type>
		<route_url>00000000000000000006</route_url>
		<route_color>0000000000000000001s</route_color>
		<route_text_color>00000000000000000004</route_text_color>
	</Record>
	<Record>
		<route_id>0000000000000000003a</route_id>
		<agency_id>00000000000000000003</agency_id>
		<route_short_name>0000000000000000003a</route_short_name>
		<route_long_name>0000000000000000003a</route_long_name>
		<route_desc>0000000000000000003a</route_desc>
		<route_type>2</route_type>
		<route_url>00000000000000000005</route_url>
		<route_color>0000000000000000003a</route_color>
		<route_text_color>0000000000000000000s</route_text_color>
	</Record>
	<Record>
		<route_id>00000000000000000015</route_id>
		<agency_id>00000000000000000008</agency_id>
		<route_short_name>00000000000000000015</route_short_name>
		<route_long_name>00000000000000000015</route_long_name>
		<route_desc>00000000000000000015</route_desc>
		<route_type>1</route_type>
		<route_url>00000000000000000003</route_url>
		<route_color>00000000000000000015</route_color>
		<route_text_color>00000000000000000009</route_text_color>
	</Record>
	<Record>
		<route_id>0000000000000000001l</route_id>
		<agency_id>00000000000000000004</agency_id>
		<route_short_name>0000000000000000001l</route_short_name>
		<route_long_name>0000000000000000001l</route_long_name>
		<route_desc>0000000000000000001l</route_desc>
		<route_type>2</route_type>
		<route_url>0000000000000000000l</route_url>
		<route_color>0000000000000000001l</route_color>
		<route_text_color>00000000000000000002</route_text_color>
	</Record>
	<Record>
		<route_id>0000000000000000000z</route_id>
		<agency_id>00000000000000000009</agency_id>
		<route_short_name>0000000000000000000z</route_short_name>
		<route_long_name>0000000000000000000z</route_long_name>
		<route_desc>0000000000000000000z</route_desc>
		<route_type>1</route_type>
		<route_url>0000000000000000000j</route_url>
		<route_color>0000000000000000000z</route_color>
		<route_text_color>0000000000000000000e</route_text_color>
	</Record>
	<Record>
		<route_id>0000000000000000000x</route_id>
		<agency_id>00000000000000000002</agency_id>
		<route_short_name>0000000000000000000x</route_short_name>
		<route_long_name>0000000000000000000x</route_long_name>
		<route_desc>0000000000000000000x</route_desc>
		<route_type>2</route_type>
		<route_url>0000000000000000000m</route_url>
		<route_color>0000000000000000000x</route_color>
		<route_text_color>0000000000000000000t</route_text_color>
	</Record>
	<Record>
		<route_id>00000000000000000032</route_id>
		<agency_id>00000000000000000001</agency_id>
		<route_short_name>00000000000000000032</route_short_name>
		<route_long_name>00000000000000000032</route_long_name>
		<route_desc>00000000000000000032</route_desc>
		<route_type>1</route_type>
		<route_url>0000000000000000000n</route_url>
		<route_color>00000000000000000032</route_color>
		<route_text_color>00000000000000000001</route_text_color>
	</Record>
	<Record>
		<route_id>00000000000000000038</route_id>
		<agency_id>00000000000000000007</agency_id>
		<route_short_name>00000000000000000038</route_short_name>
		<route_long_name>00000000000000000038</route_long_name>
		<route_desc>00000000000000000038</route_desc>
		<route_type>2</route_type>
		<route_url>0000000000000000000g</route_url>
		<route_color>00000000000000000038</route_color>
		<route_text_color>00000000000000000007</route_text_color>
	</Record>
	<Record>
		<route_id>0000000000000000002u</route_id>
		<agency_id>0000000000000000000a</agency_id>
		<route_short_name>0000000000000000002u</route_short_name>
		<route_long_name>0000000000000000002u</route_long_name>
		<route_desc>0000000000000000002u</route_desc>
		<route_type>1</route_type>
		<route_url>0000000000000000000b</route_url>
		<route_color>0000000000000000002u</route_color>
		<route_text_color>0000000000000000000o</route_text_color>
	</Record>
	<Record>
		<route_id>0000000000000000003h</route_id>
		<agency_id>00000000000000000006</agency_id>
		<route_short_name>0000000000000000003h</route_short_name>
		<route_long_name>0000000000000000003h</route_long_name>
		<route_desc>0000000000000000003h</route_desc>
		<route_type>2</route_type>
		<route_url>0000000000000000000q</route_url>
		<route_color>0000000000000000003h</route_color>
		<route_text_color>0000000000000000000k</route_text_color>
	</Record>
	<Record>
		<route_id>0000000000000000003i</route_id>
		<agency_id>00000000000000000005</agency_id>
		<route_short_name>0000000000000000003i</route_short_name>
		<route_long_name>0000000000000000003i</route_long_name>
		<route_desc>0000000000000000003i</route_desc>
		<route_type>1</route_type>
		<route_url>00000000000000000008</route_url>
		<route_color>0000000000000000003i</route_color>
		<route_text_color>0000000000000000000c</route_text_color>
	</Record>
	<Record>
		<route_id>00000000000000000024</route_id>
		<agency_id>00000000000000000003</agency_id>
		<route_short_name>00000000000000000024</route_short_name>
		<route_long_name>00000000000000000024</route_long_name>
		<route_desc>00000000000000000024</route_desc>
		<route_type>2</route_type>
		<route_url>0000000000000000000h</route_url>
		<route_color>00000000000000000024</route_color>
		<route_text_color>0000000000000000000r</route_text_color>
	</Record>
	<Record>
		<route_id>0000000000000000000e</route_id>
		<agency_id>00000000000000000008</agency_id>
		<route_short_name>0000000000000000000e</route_short_name>
		<route_long_name>0000000000000000000e</route_long_name>
		<route_desc>0000000000000000000e</route_desc>
		<route_type>1</route_type>
		<route_url>0000000000000000000i</route_url>
		<route_color>0000000000000000000e</route_color>
		<route_text_color>0000000000000000000a</route_text_color>
	</Record>
	<Record>
		<route_id>00000000000000000018</route_id>
		<agency_id>00000000000000000004</agency_id>
		<route_short_name>00000000000000000018</route_short_name>
		<route_long_name>00000000000000000018</route_long_name>
		<route_desc>00000000000000000018</route_desc>
		<route_type>2</route_type>
		<route_url>0000000000000000000p</route_url>
		<route_color>00000000000000000018</route_color>
		<route_text_color>00000000000000000006</route_text_color>
	</Record>
	<Record>
		<route_id>00000000000000000039</route_id>
		<agency_id>00000000000000000009</agency_id>
		<route_short_name>00000000000000000039</route_short_name>
		<route_long_name>00000000000000000039</route_long_name>
		<route_desc>00000000000000000039</route_desc>
		<route_type>1</route_type>
		<route_url>0000000000000000000d</route_url>
		<route_color>00000000000000000039</route_color>
		<route_text_color>00000000000000000005</route_text_color>
	</Record>
	<Record>
		<route_id>0000000000000000000f</route_id>
		<agency_id>00000000000000000002</agency_id>
		<route_short_name>0000000000000000000f</route_short_name>
		<route_long_name>0000000000000000000f</route_long_name>
		<route_desc>0000000000000000000f</route_desc>
		<route_type>2</route_type>
		<route_url>0000000000000000000f</route_url>
		<route_color>0000000000000000000f</route_color>
		<route_text_color>00000000000000000003</route_text_color>
	</Record>
	<Record>
		<route_id>0000000000000000001e</route_id>
		<agency_id>00000000000000000001</agency_id>
		<route_short_name>0000000000000000001e</route_short_name>
		<route_long_name>0000000000000000001e</route_long_name>
		<route_desc>0000000000000000001e</route_desc>
		<route_type>1</route_type>
		<route_url>00000000000000000004</route_url>
		<route_color>0000000000000000001e</route_color>
		<route_text_color>0000000000000000000l</route_text_color>
	</Record>
	<Record>
		<route_id>0000000000000000000d</route_id>
		<agency_id>00000000000000000007</agency_id>
		<route_short_name>0000000000000000000d</route_short_name>
		<route_long_name>0000000000000000000d</route_long_name>
		<route_desc>0000000000000000000d</route_desc>
		<route_type>2</route_type>
		<route_url>00000000000000000009</route_url>
		<route_color>0000000000000000000d</route_color>
		<route_text_color>0000000000000000000j</route_text_color>
	</Record>
	<Record>
		<route_id>0000000000000000002e</route_id>
		<agency_id>0000000000000000000a</agency_id>
		<route_short_name>0000000000000000002e</route_short_name>
		<route_long_name>0000000000000000002e</route_long_name>
		<route_desc>0000000000000000002e</route_desc>
		<route_type>1</route_type>
		<route_url>00000000000000000002</route_url>
		<route_color>0000000000000000002e</route_color>
		<route_text_color>0000000000000000000m</route_text_color>
	</Record>
	<Record>
		<route_id>0000000000000000001i</route_id>
		<agency_id>00000000000000000006</agency_id>
		<route_short_name>0000000000000000001i</route_short_name>
		<route_long_name>0000000000000000001i</route_long_name>
		<route_desc>0000000000000000001i</route_desc>
		<route_type>2</route_type>
		<route_url>0000000000000000000e</route_url>
		<route_color>0000000000000000001i</route_color>
		<route_text_color>0000000000000000000n</route_text_color>
	</Record>
	<Record>
		<route_id>00000000000000000006</route_id>
		<agency_id>00000000000000000005</agency_id>
		<route_short_name>00000000000000000006</route_short_name>
		<route_long_name>00000000000000000006</route_long_name>
		<route_desc>00000000000000000006</route_desc>
		<route_type>1</route_type>
		<route_url>00000000000000000001</route_url>
		<route_color>00000000000000000006</route_color>
		<route_text_color>0000000000000000000g</route_text_color>
	</Record>
	<Record>
		<route_id>0000000000000000000k</route_id>
		<agency_id>00000000000000000003</agency_id>
		<route_short_name>0000000000000000000k</route_short_name>
		<route_long_name>0000000000000000000k</route_long_name>
		<route_desc>0000000000000000000k</route_desc>
		<route_type>2</route_type>
		<route_url>00000000000000000007</route_url>
		<route_color>0000000000000000000k</route_color>
		<route_text_color>0000000000000000000b</route_text_color>
	</Record>
	<Record>
		<route_id>00000000000000000022</route_id>
		<agency_id>00000000000000000008</agency_id>
		<route_short_name>00000000000000000022</route_short_name>
		<route_long_name>00000000000000000022</route_long_name>
		<route_desc>00000000000000000022</route_desc>
		<route_type>1</route_type>
		<route_url>0000000000000000000o</route_url>
		<route_color>00000000000000000022</route_color>
		<route_text_color>0000000000000000000q</route_text_color>
	</Record>
	<Record>
		<route_id>0000000000000000000n</route_id>
		<agency_id>00000000000000000004</agency_id>
		<route_short_name>0000000000000000000n</route_short_name>
		<route_long_name>0000000000000000000n</route_long_name>
		<route_desc>0000000000000000000n</route_desc>
		<route_type>2</route_type>
		<route_url>0000000000000000000k</route_url>
		<route_color>0000000000000000000n</route_color>
		<route_text_color>0000000000000000000u</route_text_color>
	</Record>
	<Record>
		<route_id>00000000000000000020</route_id>
		<agency_id>00000000000000000009</agency_id>
		<route_short_name>00000000000000000020</route_short_name>
		<route_long_name>00000000000000000020</route_long_name>
		<route_desc>00000000000000000020</route_desc>
		<route_type>1</route_type>
		<route_url>0000000000000000000c</route_url>
		<route_color>00000000000000000020</route_color>
		<route_text_color>00000000000000000008</route_text_color>
	</Record>
	<Record>
		<route_id>00000000000000000008</route_id>
		<agency_id>00000000000000000002</agency_id>
		<route_short_name>00000000000000000008</route_short_name>
		<route_long_name>00000000000000000008</route_long_name>
		<route_desc>00000000000000000008</route_desc>
		<route_type>2</route_type>
		<route_url>0000000000000000000a</route_url>
		<route_color>00000000000000000008</route_color>
		<route_text_color>0000000000000000000h</route_text_color>
	</Record>
	<Record>
		<route_id>00000000000000000035</route_id>
		<agency_id>00000000000000000001</agency_id>
		<route_short_name>00000000000000000035</route_short_name>
		<route_long_name>00000000000000000035</route_long_name>
		<route_desc>00000000000000000035</route_desc>
		<route_type>1</route_type>
		<route_url>00000000000000000006</route_url>
		<route_color>00000000000000000035</route_color>
		<route_text_color>0000000000000000000i</route_text_color>
	</Record>
	<Record>
		<route_id>0000000000000000001d</route_id>
		<agency_id>00000000000000000007</agency_id>
		<route_short_name>0000000000000000001d</route_short_name>
		<route_long_name>0000000000000000001d</route_long_name>
		<route_desc>0000000000000000001d</route_desc>
		<route_type>2</route_type>
		<route_url>00000000000000000005</route_url>
		<route_color>0000000000000000001d</route_color>
		<route_text_color>0000000000000000000p</route_text_color>
	</Record>
	<Record>
		<route_id>0000000000000000002o</route_id>
		<agency_id>0000000000000000000a</agency_id>
		<route_short_name>0000000000000000002o</route_short_name>
		<route_long_name>0000000000000000002o</route_long_name>
		<route_desc>0000000000000000002o</route_desc>
		<route_type>1</route_type>
		<route_url>00000000000000000003</route_url>
		<route_color>0000000000000000002o</route_color>
		<route_text_color>0000000000000000000d</route_text_color>
	</Record>
	<Record>
		<route_id>0000000000000000002y</route_id>
		<agency_id>00000000000000000006</agency_id>
		<route_short_name>0000000000000000002y</route_short_name>
		<route_long_name>0000000000000000002y</route_long_name>
		<route_desc>0000000000000000002y</route_desc>
		<route_type>2</route_type>
		<route_url>0000000000000000000l</route_url>
		<route_color>0000000000000000002y</route_color>
		<route_text_color>0000000000000000000f</route_text_color>
	</Record>
	<Record>
		<route_id>0000000000000000000h</route_id>
		<agency_id>00000000000000000005</agency_id>
		<route_short_name>0000000000000000000h</route_short_name>
		<route_long_name>0000000000000000000h</route_long_name>
		<route_desc>0000000000000000000h</route_desc>
		<route_type>1</route_type>
		<route_url>0000000000000000000j</route_url>
		<route_color>0000000000000000000h</route_color>
		<route_text_color>00000000000000000004</route_text_color>
	</Record>
	<Record>
		<route_id>0000000000000000003k</route_id>
		<agency_id>00000000000000000003</agency_id>
		<route_short_name>0000000000000000003k</route_short_name>
		<route_long_name>0000000000000000003k</route_long_name>
		<route_desc>0000000000000000003k</route_desc>
		<route_type>2</route_type>
		<route_url>0000000000000000000m</route_url>
		<route_color>0000000000000000003k</route_color>
		<route_text_color>0000000000000000000s</route_text_color>
	</Record>
	<Record>
		<route_id>0000000000000000002a</route_id>
		<agency_id>00000000000000000008</agency_id>
		<route_short_name>0000000000000000002a</route_short_name>
		<route_long_name>0000000000000000002a</route_long_name>
		<route_desc>0000000000000000002a</route_desc>
		<route_type>1</route_type>
		<route_url>0000000000000000000n</route_url>
		<route_color>0000000000000000002a</route_color>
		<route_text_color>00000000000000000009</route_text_color>
	</Record>
	<Record>
		<route_id>00000000000000000036</route_id>
		<agency_id>00000000000000000004</agency_id>
		<route_short_name>00000000000000000036</route_short_name>
		<route_long_name>00000000000000000036</route_long_name>
		<route_desc>00000000000000000036</route_desc>
		<route_type>2</route_type>
		<route_url>0000000000000000000g</route_url>
		<route_color>00000000000000000036</route_color>
		<route_text_color>00000000000000000002</route_text_color>
	</Record>
	<Record>
		<route_id>0000000000000000000l</route_id>
		<agency_id>00000000000000000009</agency_id>
		<route_short_name>0000000000000000000l</route_short_name>
		<route_long_name>0000000000000000000l</route_long_name>
		<route_desc>0000000000000000000l</route_desc>
		<route_type>1</route_type>
		<route_url>0000000000000000000b</route_url>
		<route_color>0000000000000000000l</route_color>
		<route_text_color>0000000000000000000e</route_text_color>
	</Record>
	<Record>
		<route_id>0000000000000000001y</route_id>
		<agency_id>00000000000000000002</agency_id>
		<route_short_name>0000000000000000001y</route_short_name>
		<route_long_name>0000000000000000001y</route_long_name>
		<route_desc>0000000000000000001y</route_desc>
		<route_type>2</route_type>
		<route_url>0000000000000000000q</route_url>
		<route_color>0000000000000000001y</route_color>
		<route_text_color>0000000000000000000t</route_text_color>
	</Record>
	<Record>
		<route_id>0000000000000000001u</route_id>
		<agency_id>00000000000000000001</agency_id>
		<route_short_name>0000000000000000001u</route_short_name>
		<route_long_name>0000000000000000001u</route_long_name>
		<route_desc>0000000000000000001u</route_desc>
		<route_type>1</route_type>
		<route_url>00000000000000000008</route_url>
		<route_color>0000000000000000001u</route_color>
		<route_text_color>00000000000000000001</route_text_color>
	</Record>
	<Record>
		<route_id>00000000000000000023</route_id>
		<agency_id>00000000000000000007</agency_id>
		<route_short_name>00000000000000000023</route_short_name>
		<route_long_name>00000000000000000023</route_long_name>
		<route_desc>00000000000000000023</route_desc>
		<route_type>2</route_type>
		<route_url>0000000000000000000h</route_url>
		<route_color>00000000000000000023</route_color>
		<route_text_color>00000000000000000007</route_text_color>
	</Record>
	<Record>
		<route_id>0000000000000000001t</route_id>
		<agency_id>0000000000000000000a</agency_id>
		<route_short_name>0000000000000000001t</route_short_name>
		<route_long_name>0000000000000000001t</route_long_name>
		<route_desc>0000000000000000001t</route_desc>
		<route_type>1</route_type>
		<route_url>0000000000000000000i</route_url>
		<route_color>0000000000000000001t</route_color>
		<route_text_color>0000000000000000000o</route_text_color>
	</Record>
	<Record>
		<route_id>0000000000000000000s</route_id>
		<agency_id>00000000000000000006</agency_id>
		<route_short_name>0000000000000000000s</route_short_name>
		<route_long_name>0000000000000000000s</route_long_name>
		<route_desc>0000000000000000000s</route_desc>
		<route_type>2</route_type>
		<route_url>0000000000000000000p</route_url>
		<route_color>0000000000000000000s</route_color>
		<route_text_color>0000000000000000000k</route_text_color>
	</Record>
	<Record>
		<route_id>0000000000000000003l</route_id>
		<agency_id>00000000000000000005</agency_id>
		<route_short_name>0000000000000000003l</route_short_name>
		<route_long_name>0000000000000000003l</route_long_name>
		<route_desc>0000000000000000003l</route_desc>
		<route_type>1</route_type>
		<route_url>0000000000000000000d</route_url>
		<route_color>0000000000000000003l</route_color>
		<route_text_color>0000000000000000000c</route_text_color>
	</Record>
	<Record>
		<route_id>00000000000000000029</route_id>
		<agency_id>00000000000000000003</agency_id>
		<route_short_name>00000000000000000029</route_short_name>
		<route_long_name>00000000000000000029</route_long_name>
		<route_desc>00000000000000000029</route_desc>
		<route_type>2</route_type>
		<route_url>0000000000000000000f</route_url>
		<route_color>00000000000000000029</route_color>
		<route_text_color>0000000000000000000r</route_text_color>
	</Record>
	<Record>
		<route_id>0000000000000000002g</route_id>
		<agency_id>00000000000000000008</agency_id>
		<route_short_name>0000000000000000002g</route_short_name>
		<route_long_name>0000000000000000002g</route_long_name>
		<route_desc>0000000000000000002g</route_desc>
		<route_type>1</route_type>
		<route_url>00000000000000000004</route_url>
		<route_color>0000000000000000002g</route_color>
		<route_text_color>0000000000000000000a</route_text_color>
	</Record>
	<Record>
		<route_id>00000000000000000009</route_id>
		<agency_id>00000000000000000004</agency_id>
		<route_short_name>00000000000000000009</route_short_name>
		<route_long_name>00000000000000000009</route_long_name>
		<route_desc>00000000000000000009</route_desc>
		<route_type>2</route_type>
		<route_url>00000000000000000009</route_url>
		<route_color>00000000000000000009</route_color>
		<route_text_color>00000000000000000006</route_text_color>
	</Record>
	<Record>
		<route_id>0000000000000000000u</route_id>
		<agency_id>00000000000000000009</agency_id>
		<route_short_name>0000000000000000000u</route_short_name>
		<route_long_name>0000000000000000000u</route_long_name>
		<route_desc>0000000000000000000u</route_desc>
		<route_type>1</route_type>
		<route_url>00000000000000000002</route_url>
		<route_color>0000000000000000000u</route_color>
		<route_text_color>00000000000000000005</route_text_color>
	</Record>
	<Record>
		<route_id>0000000000000000002s</route_id>
		<agency_id>00000000000000000002</agency_id>
		<route_short_name>0000000000000000002s</route_short_name>
		<route_long_name>0000000000000000002s</route_long_name>
		<route_desc>0000000000000000002s</route_desc>
		<route_type>2</route_type>
		<route_url>0000000000000000000e</route_url>
		<route_color>0000000000000000002s</route_color>
		<route_text_color>00000000000000000003</route_text_color>
	</Record>
	<Record>
		<route_id>00000000000000000001</route_id>
		<agency_id>00000000000000000001</agency_id>
		<route_short_name>00000000000000000001</route_short_name>
		<route_long_name>00000000000000000001</route_long_name>
		<route_desc>00000000000000000001</route_desc>
		<route_type>1</route_type>
		<route_url>00000000000000000001</route_url>
		<route_color>00000000000000000001</route_color>
		<route_text_color>0000000000000000000l</route_text_color>
	</Record>
	<Record>
		<route_id>0000000000000000000q</route_id>
		<agency_id>00000000000000000007</agency_id>
		<route_short_name>0000000000000000000q</route_short_name>
		<route_long_name>0000000000000000000q</route_long_name>
		<route_desc>0000000000000000000q</route_desc>
		<route_type>2</route_type>
		<route_url>00000000000000000007</route_url>
		<route_color>0000000000000000000q</route_color>
		<route_text_color>0000000000000000000j</route_text_color>
	</Record>
</Category>