[{"service_id": "0000000000000000001d", "date": "2017-04-26", "exception_type": 3.0}, {"service_id": "00000000000000000014", "date": "2017-04-30", "exception_type": 2.0}, {"service_id": "00000000000000000015", "date": "2017-02-21", "exception_type": 0.0}, {"service_id": "0000000000000000000o", "date": "2017-04-23", "exception_type": 1.0}, {"service_id": "0000000000000000000k", "date": "2017-03-19", "exception_type": 3.0}, {"service_id": "00000000000000000013", "date": "2017-01-17", "exception_type": 2.0}, {"service_id": "00000000000000000019", "date": "2017-02-14", "exception_type": 0.0}, {"service_id": "0000000000000000000c", "date": "2017-02-05", "exception_type": 1.0}, {"service_id": "0000000000000000000r", "date": "2017-02-20", "exception_type": 3.0}, {"service_id": "0000000000000000000a", "date": "2017-03-07", "exception_type": 2.0}, {"service_id": "00000000000000000006", "date": "2017-01-21", "exception_type": 0.0}, {"service_id": "00000000000000000016", "date": "2017-02-03", "exception_type": 1.0}, {"service_id": "00000000000000000012", "date": "2017-04-13", "exception_type": 3.0}, {"service_id": "00000000000000000018", "date": "2017-03-31", "exception_type": 2.0}, {"service_id": "00000000000000000005", "date": "2017-05-08", "exception_type": 0.0}, {"service_id": "0000000000000000000z", "date": "2017-04-20", "exception_type": 1.0}, {"service_id": "00000000000000000017", "date": "2017-01-24", "exception_type": 3.0}, {"service_id": "00000000000000000003", "date": "2017-04-14", "exception_type": 2.0}, {"service_id": "0000000000000000000l", "date": "2017-04-06", "exception_type": 0.0}, {"service_id": "0000000000000000001a", "date": "2017-01-16", "exception_type": 1.0}, {"service_id": "0000000000000000000j", "date": "2017-02-08", "exception_type": 3.0}, {"service_id": "0000000000000000000w", "date": "2017-02-16", "exception_type": 2.0}, {"service_id": "0000000000000000000m", "date": "2017-03-29", "exception_type": 0.0}, {"service_id": "0000000000000000000n", "date": "2017-05-25", "exception_type": 1.0}, {"service_id": "0000000000000000000g", "date": "2017-05-17", "exception_type": 3.0}, {"service_id": "0000000000000000000b", "date": "2017-02-19", "exception_type": 2.0}, {"service_id": "0000000000000000000y", "date": "2017-02-13", "exception_type": 0.0}, {"service_id": "00000000000000000010", "date": "2017-01-10", "exception_type": 1.0}, {"service_id": "0000000000000000001e", "date": "2017-05-15", "exception_type": 3.0}, {"service_id": "0000000000000000001b", "date": "2017-04-12", "exception_type": 2.0}, {"service_id": "0000000000000000000q", "date": "2017-03-02", "exception_type": 0.0}, {"service_id": "0000000000000000000u", "date": "2017-01-23", "exception_type": 1.0}, {"service_id": "00000000000000000008", "date": "2017-03-06", "exception_type": 3.0}, {"service_id": "0000000000000000000h", "date": "2017-01-07", "exception_type": 2.0}, {"service_id": "0000000000000000000i", "date": "2017-02-26", "exception_type": 0.0}, {"service_id": "0000000000000000000p", "date": "2017-03-15", "exception_type": 1.0}, {"service_id": "0000000000000000000d", "date": "2017-04-09", "exception_type": 3.0}, {"service_id": "0000000000000000000v", "date": "2017-01-29", "exception_type": 2.0}, {"service_id": "0000000000000000000f", "date": "2017-03-26", "exception_type": 0.0}, {"service_id": "00000000000000000004", "date": "2017-03-08", "exception_type": 1.0}, {"service_id": "0000000000000000000s", "date": "2017-05-06", "exception_type": 3.0}, {"service_id": "00000000000000000009", "date": "2017-05-04", "exception_type": 2.0}, {"service_id": "00000000000000000011", "date": "2017-03-13", "exception_type": 0.0}, {"service_id": "00000000000000000002", "date": "2017-04-04", "exception_type": 1.0}, {"service_id": "0000000000000000000e", "date": "2017-04-07", "exception_type": 3.0}, {"service_id": "0000000000000000001c", "date": "2017-05-07", "exception_type": 2.0}, {"service_id": "0000000000000000000x", "date": "2017-02-06", "exception_type": 0.0}, {"service_id": "0000000000000000000t", "date": "2017-03-05", "exception_type": 1.0}, {"service_id": "00000000000000000001", "date": "2017-04-10", "exception_type": 3.0}, {"service_id": "00000000000000000007", "date": "2017-03-01", "exception_type": 2.0}, {"service_id": "0000000000000000001d", "date": "2017-03-04", "exception_type": 0.0}, {"service_id": "00000000000000000014", "date": "2017-02-25", "exception_type": 1.0}, {"service_id": "00000000000000000015", "date": "2017-05-16", "exception_type": 3.0}, {"service_id": "0000000000000000000o", "date": "2017-03-09", "exception_type": 2.0}, {"service_id": "0000000000000000000k", "date": "2017-02-12", "exception_type": 0.0}, {"service_id": "00000000000000000013", "date": "2017-04-18", "exception_type": 1.0}, {"service_id": "00000000000000000019", "date": "2017-01-12", "exception_type": 3.0}, {"service_id": "0000000000000000000c", "date": "2017-01-27", "exception_type": 2.0}, {"service_id": "0000000000000000000r", "date": "2017-03-14", "exception_type": 0.0}, {"service_id": "0000000000000000000a", "date": "2017-01-30", "exception_type": 1.0}, {"service_id": "00000000000000000006", "date": "2017-03-30", "exception_type": 3.0}, {"service_id": "00000000000000000016", "date": "2017-02-17", "exception_type": 2.0}, {"service_id": "00000000000000000012", "date": "2017-04-24", "exception_type": 0.0}, {"service_id": "00000000000000000018", "date": "2017-02-01", "exception_type": 1.0}, {"service_id": "00000000000000000005", "date": "2017-04-05", "exception_type": 3.0}, {"service_id": "0000000000000000000z", "date": "2017-01-08", "exception_type": 2.0}, {"service_id": "00000000000000000017", "date": "2017-03-24", "exception_type": 0.0}, {"service_id": "00000000000000000003", "date": "2017-01-15", "exception_type": 1.0}, {"service_id": "0000000000000000000l", "date": "2017-04-16", "exception_type": 3.0}, {"service_id": "0000000000000000001a", "date": "2017-04-27", "exception_type": 2.0}, {"service_id": "0000000000000000000j", "date": "2017-02-11", "exception_type": 0.0}, {"service_id": "0000000000000000000w", "date": "2017-03-17", "exception_type": 1.0}, {"service_id": "0000000000000000000m", "date": "2017-03-25", "exception_type": 3.0}, {"service_id": "0000000000000000000n", "date": "2017-02-10", "exception_type": 2.0}, {"service_id": "0000000000000000000g", "date": "2017-05-05", "exception_type": 0.0}, {"service_id": "0000000000000000000b", "date": "2017-04-08", "exception_type": 1.0}, {"service_id": "0000000000000000000y", "date": "2017-01-09", "exception_type": 3.0}, {"service_id": "00000000000000000010", "date": "2017-04-19", "exception_type": 2.0}, {"service_id": "0000000000000000001e", "date": "2017-05-23", "exception_type": 0.0}, {"service_id": "0000000000000000001b", "date": "2017-05-18", "exception_type": 1.0}, {"service_id": "0000000000000000000q", "date": "2017-04-22", "exception_type": 3.0}, {"service_id": "0000000000000000000u", "date": "2017-02-22", "exception_type": 2.0}, {"service_id": "00000000000000000008", "date": "2017-05-09", "exception_type": 0.0}, {"service_id": "0000000000000000000h", "date": "2017-03-23", "exception_type": 1.0}, {"service_id": "0000000000000000000i", "date": "2017-05-19", "exception_type": 3.0}, {"service_id": "0000000000000000000p", "date": "2017-05-24", "exception_type": 2.0}, {"service_id": "0000000000000000000d", "date": "2017-05-12", "exception_type": 0.0}, {"service_id": "0000000000000000000v", "date": "2017-04-02", "exception_type": 1.0}, {"service_id": "0000000000000000000f", "date": "2017-02-27", "exception_type": 3.0}, {"service_id": "00000000000000000004", "date": "2017-03-10", "exception_type": 2.0}, {"service_id": "0000000000000000000s", "date": "2017-05-03", "exception_type": 0.0}, {"service_id": "00000000000000000009", "date": "2017-02-15", "exception_type": 1.0}, {"service_id": "00000000000000000011", "date": "2017-03-03", "exception_type": 3.0}, {"service_id": "00000000000000000002", "date": "2017-02-09", "exception_type": 2.0}, {"service_id": "0000000000000000000e", "date": "2017-02-07", "exception_type": 0.0}, {"service_id": "0000000000000000001c", "date": "2017-04-25", "exception_type": 1.0}, {"service_id": "0000000000000000000x", "date": "2017-05-01", "exception_type": 3.0}, {"service_id": "0000000000000000000t", "date": "2017-04-17", "exception_type": 2.0}, {"service_id": "00000000000000000001", "date": "2017-05-10", "exception_type": 0.0}, {"service_id": "00000000000000000007", "date": "2017-05-11", "exception_type": 1.0}, {"service_id": "0000000000000000001d", "date": "2017-03-22", "exception_type": 3.0}, {"service_id": "00000000000000000014", "date": "2017-01-19", "exception_type": 2.0}, {"service_id": "00000000000000000015", "date": "2017-02-18", "exception_type": 0.0}, {"service_id": "0000000000000000000o", "date": "2017-05-20", "exception_type": 1.0}, {"service_id": "0000000000000000000k", "date": "2017-05-21", "exception_type": 3.0}, {"service_id": "00000000000000000013", "date": "2017-05-02", "exception_type": 2.0}, {"service_id": "00000000000000000019", "date": "2017-01-20", "exception_type": 0.0}, {"service_id": "0000000000000000000c", "date": "2017-02-24", "exception_type": 1.0}, {"service_id": "0000000000000000000r", "date": "2017-01-18", "exception_type": 3.0}, {"service_id": "0000000000000000000a", "date": "2017-04-01", "exception_type": 2.0}, {"service_id": "00000000000000000006", "date": "2017-02-28", "exception_type": 0.0}, {"service_id": "00000000000000000016", "date": "2017-01-11", "exception_type": 1.0}, {"service_id": "00000000000000000012", "date": "2017-01-25", "exception_type": 3.0}, {"service_id": "00000000000000000018", "date": "2017-03-20", "exception_type": 2.0}, {"service_id": "00000000000000000005", "date": "2017-01-28", "exception_type": 0.0}, {"service_id": "0000000000000000000z", "date": "2017-05-22", "exception_type": 1.0}, {"service_id": "00000000000000000017", "date": "2017-03-18", "exception_type": 3.0}, {"service_id": "00000000000000000003", "date": "2017-01-13", "exception_type": 2.0}, {"service_id": "0000000000000000000l", "date": "2017-04-28", "exception_type": 0.0}, {"service_id": "0000000000000000001a", "date": "2017-02-23", "exception_type": 1.0}, {"service_id": "0000000000000000000j", "date": "2017-04-11", "exception_type": 3.0}, {"service_id": "0000000000000000000w", "date": "2017-04-21", "exception_type": 2.0}, {"service_id": "0000000000000000000m", "date": "2017-01-22", "exception_type": 0.0}, {"service_id": "0000000000000000000n", "date": "2017-05-13", "exception_type": 1.0}, {"service_id": "0000000000000000000g", "date": "2017-03-28", "exception_type": 3.0}, {"service_id": "0000000000000000000b", "date": "2017-04-29", "exception_type": 2.0}, {"service_id": "0000000000000000000y", "date": "2017-01-26", "exception_type": 0.0}, {"service_id": "00000000000000000010", "date": "2017-03-16", "exception_type": 1.0}, {"service_id": "0000000000000000001e", "date": "2017-03-12", "exception_type": 3.0}, {"service_id": "0000000000000000001b", "date": "2017-03-21", "exception_type": 2.0}, {"service_id": "0000000000000000000q", "date": "2017-03-11", "exception_type": 0.0}, {"service_id": "0000000000000000000u", "date": "2017-02-02", "exception_type": 1.0}, {"service_id": "00000000000000000008", "date": "2017-05-14", "exception_type": 3.0}, {"service_id": "0000000000000000000h", "date": "2017-03-27", "exception_type": 2.0}, {"service_id": "0000000000000000000i", "date": "2017-04-03", "exception_type": 0.0}, {"service_id": "0000000000000000000p", "date": "2017-01-14", "exception_type": 1.0}, {"service_id": "0000000000000000000d", "date": "2017-02-04", "exception_type": 3.0}, {"service_id": "0000000000000000000v", "date": "2017-04-15", "exception_type": 2.0}, {"service_id": "0000000000000000000f", "date": "2017-01-06", "exception_type": 0.0}, {"service_id": "00000000000000000004", "date": "2017-01-31", "exception_type": 1.0}, {"service_id": "0000000000000000000s", "date": "2017-04-26", "exception_type": 3.0}, {"service_id": "00000000000000000009", "date": "2017-04-30", "exception_type": 2.0}, {"service_id": "00000000000000000011", "date": "2017-02-21", "exception_type": 0.0}, {"service_id": "00000000000000000002", "date": "2017-04-23", "exception_type": 1.0}, {"service_id": "0000000000000000000e", "date": "2017-03-19", "exception_type": 3.0}, {"service_id": "0000000000000000001c", "date": "2017-01-17", "exception_type": 2.0}, {"service_id": "0000000000000000000x", "date": "2017-02-14", "exception_type": 0.0}, {"service_id": "0000000000000000000t", "date": "2017-02-05", "exception_type": 1.0}, {"service_id": "00000000000000000001", "date": "2017-02-20", "exception_type": 3.0}, {"service_id": "00000000000000000007", "date": "2017-03-07", "exception_type": 2.0}, {"service_id": "0000000000000000001d", "date": "2017-01-21", "exception_type": 0.0}, {"service_id": "00000000000000000014", "date": "2017-02-03", "exception_type": 1.0}, {"service_id": "00000000000000000015", "date": "2017-04-13", "exception_type": 3.0}, {"service_id": "0000000000000000000o", "date": "2017-03-31", "exception_type": 2.0}, {"service_id": "0000000000000000000k", "date": "2017-05-08", "exception_type": 0.0}, {"service_id": "00000000000000000013", "date": "2017-04-20", "exception_type": 1.0}, {"service_id": "00000000000000000019", "date": "2017-01-24", "exception_type": 3.0}, {"service_id": "0000000000000000000c", "date": "2017-04-14", "exception_type": 2.0}, {"service_id": "0000000000000000000r", "date": "2017-04-06", "exception_type": 0.0}, {"service_id": "0000000000000000000a", "date": "2017-01-16", "exception_type": 1.0}, {"service_id": "00000000000000000006", "date": "2017-02-08", "exception_type": 3.0}, {"service_id": "00000000000000000016", "date": "2017-02-16", "exception_type": 2.0}, {"service_id": "00000000000000000012", "date": "2017-03-29", "exception_type": 0.0}, {"service_id": "00000000000000000018", "date": "2017-05-25", "exception_type": 1.0}, {"service_id": "00000000000000000005", "date": "2017-05-17", "exception_type": 3.0}, {"service_id": "0000000000000000000z", "date": "2017-02-19", "exception_type": 2.0}, {"service_id": "00000000000000000017", "date": "2017-02-13", "exception_type": 0.0}, {"service_id": "00000000000000000003", "date": "2017-01-10", "exception_type": 1.0}, {"service_id": "0000000000000000000l", "date": "2017-05-15", "exception_type": 3.0}, {"service_id": "0000000000000000001a", "date": "2017-04-12", "exception_type": 2.0}, {"service_id": "0000000000000000000j", "date": "2017-03-02", "exception_type": 0.0}, {"service_id": "0000000000000000000w", "date": "2017-01-23", "exception_type": 1.0}, {"service_id": "0000000000000000000m", "date": "2017-03-06", "exception_type": 3.0}, {"service_id": "0000000000000000000n", "date": "2017-01-07", "exception_type": 2.0}, {"service_id": "0000000000000000000g", "date": "2017-02-26", "exception_type": 0.0}, {"service_id": "0000000000000000000b", "date": "2017-03-15", "exception_type": 1.0}, {"service_id": "0000000000000000000y", "date": "2017-04-09", "exception_type": 3.0}, {"service_id": "00000000000000000010", "date": "2017-01-29", "exception_type": 2.0}, {"service_id": "0000000000000000001e", "date": "2017-03-26", "exception_type": 0.0}, {"service_id": "0000000000000000001b", "date": "2017-03-08", "exception_type": 1.0}, {"service_id": "0000000000000000000q", "date": "2017-05-06", "exception_type": 3.0}, {"service_id": "0000000000000000000u", "date": "2017-05-04", "exception_type": 2.0}, {"service_id": "00000000000000000008", "date": "2017-03-13", "exception_type": 0.0}, {"service_id": "0000000000000000000h", "date": "2017-04-04", "exception_type": 1.0}, {"service_id": "0000000000000000000i", "date": "2017-04-07", "exception_type": 3.0}, {"service_id": "0000000000000000000p", "date": "2017-05-07", "exception_type": 2.0}, {"service_id": "0000000000000000000d", "date": "2017-02-06", "exception_type": 0.0}, {"service_id": "0000000000000000000v", "date": "2017-03-05", "exception_type": 1.0}, {"service_id": "0000000000000000000f", "date": "2017-04-10", "exception_type": 3.0}, {"service_id": "00000000000000000004", "date": "2017-03-01", "exception_type": 2.0}, {"service_id": "0000000000000000000s", "date": "2017-03-04", "exception_type": 0.0}, {"service_id": "00000000000000000009", "date": "2017-02-25", "exception_type": 1.0}, {"service_id": "00000000000000000011", "date": "2017-05-16", "exception_type": 3.0}, {"service_id": "00000000000000000002", "date": "2017-03-09", "exception_type": 2.0}, {"service_id": "0000000000000000000e", "date": "2017-02-12", "exception_type": 0.0}, {"service_id": "0000000000000000001c", "date": "2017-04-18", "exception_type": 1.0}, {"service_id": "0000000000000000000x", "date": "2017-01-12", "exception_type": 3.0}, {"service_id": "0000000000000000000t", "date": "2017-01-27", "exception_type": 2.0}, {"service_id": "00000000000000000001", "date": "2017-03-14", "exception_type": 0.0}, {"service_id": "00000000000000000007", "date": "2017-01-30", "exception_type": 1.0}, {"service_id": "0000000000000000001d", "date": "2017-03-30", "exception_type": 3.0}, {"service_id": "00000000000000000014", "date": "2017-02-17", "exception_type": 2.0}, {"service_id": "00000000000000000015", "date": "2017-04-24", "exception_type": 0.0}, {"service_id": "0000000000000000000o", "date": "2017-02-01", "exception_type": 1.0}, {"service_id": "0000000000000000000k", "date": "2017-04-05", "exception_type": 3.0}, {"service_id": "00000000000000000013", "date": "2017-01-08", "exception_type": 2.0}, {"service_id": "00000000000000000019", "date": "2017-03-24", "exception_type": 0.0}, {"service_id": "0000000000000000000c", "date": "2017-01-15", "exception_type": 1.0}, {"service_id": "0000000000000000000r", "date": "2017-04-16", "exception_type": 3.0}, {"service_id": "0000000000000000000a", "date": "2017-04-27", "exception_type": 2.0}, {"service_id": "00000000000000000006", "date": "2017-02-11", "exception_type": 0.0}, {"service_id": "00000000000000000016", "date": "2017-03-17", "exception_type": 1.0}, {"service_id": "00000000000000000012", "date": "2017-03-25", "exception_type": 3.0}, {"service_id": "00000000000000000018", "date": "2017-02-10", "exception_type": 2.0}, {"service_id": "00000000000000000005", "date": "2017-05-05", "exception_type": 0.0}, {"service_id": "0000000000000000000z", "date": "2017-04-08", "exception_type": 1.0}, {"service_id": "00000000000000000017", "date": "2017-01-09", "exception_type": 3.0}, {"service_id": "00000000000000000003", "date": "2017-04-19", "exception_type": 2.0}, {"service_id": "0000000000000000000l", "date": "2017-05-23", "exception_type": 0.0}, {"service_id": "0000000000000000001a", "date": "2017-05-18", "exception_type": 1.0}, {"service_id": "0000000000000000000j", "date": "2017-04-22", "exception_type": 3.0}, {"service_id": "0000000000000000000w", "date": "2017-02-22", "exception_type": 2.0}, {"service_id": "0000000000000000000m", "date": "2017-05-09", "exception_type": 0.0}, {"service_id": "0000000000000000000n", "date": "2017-03-23", "exception_type": 1.0}, {"service_id": "0000000000000000000g", "date": "2017-05-19", "exception_type": 3.0}, {"service_id": "0000000000000000000b", "date": "2017-05-24", "exception_type": 2.0}, {"service_id": "0000000000000000000y", "date": "2017-05-12", "exception_type": 0.0}, {"service_id": "00000000000000000010", "date": "2017-04-02", "exception_type": 1.0}, {"service_id": "0000000000000000001e", "date": "2017-02-27", "exception_type": 3.0}, {"service_id": "0000000000000000001b", "date": "2017-03-10", "exception_type": 2.0}, {"service_id": "0000000000000000000q", "date": "2017-05-03", "exception_type": 0.0}, {"service_id": "0000000000000000000u", "date": "2017-02-15", "exception_type": 1.0}, {"service_id": "00000000000000000008", "date": "2017-03-03", "exception_type": 3.0}, {"service_id": "0000000000000000000h", "date": "2017-02-09", "exception_type": 2.0}, {"service_id": "0000000000000000000i", "date": "2017-02-07", "exception_type": 0.0}, {"service_id": "0000000000000000000p", "date": "2017-04-25", "exception_type": 1.0}, {"service_id": "0000000000000000000d", "date": "2017-05-01", "exception_type": 3.0}, {"service_id": "0000000000000000000v", "date": "2017-04-17", "exception_type": 2.0}, {"service_id": "0000000000000000000f", "date": "2017-05-10", "exception_type": 0.0}, {"service_id": "00000000000000000004", "date": "2017-05-11", "exception_type": 1.0}, {"service_id": "0000000000000000000s", "date": "2017-03-22", "exception_type": 3.0}, {"service_id": "00000000000000000009", "date": "2017-01-19", "exception_type": 2.0}, {"service_id": "00000000000000000011", "date": "2017-02-18", "exception_type": 0.0}, {"service_id": "00000000000000000002", "date": "2017-05-20", "exception_type": 1.0}, {"service_id": "0000000000000000000e", "date": "2017-05-21", "exception_type": 3.0}, {"service_id": "0000000000000000001c", "date": "2017-05-02", "exception_type": 2.0}, {"service_id": "0000000000000000000x", "date": "2017-01-20", "exception_type": 0.0}, {"service_id": "0000000000000000000t", "date": "2017-02-24", "exception_type": 1.0}, {"service_id": "00000000000000000001", "date": "2017-01-18", "exception_type": 3.0}, {"service_id": "00000000000000000007", "date": "2017-04-01", "exception_type": 2.0}, {"service_id": "0000000000000000001d", "date": "2017-02-28", "exception_type": 0.0}, {"service_id": "00000000000000000014", "date": "2017-01-11", "exception_type": 1.0}, {"service_id": "00000000000000000015", "date": "2017-01-25", "exception_type": 3.0}, {"service_id": "0000000000000000000o", "date": "2017-03-20", "exception_type": 2.0}, {"service_id": "0000000000000000000k", "date": "2017-01-28", "exception_type": 0.0}, {"service_id": "00000000000000000013", "date": "2017-05-22", "exception_type": 1.0}, {"service_id": "00000000000000000019", "date": "2017-03-18", "exception_type": 3.0}, {"service_id": "0000000000000000000c", "date": "2017-01-13", "exception_type": 2.0}, {"service_id": "0000000000000000000r", "date": "2017-04-28", "exception_type": 0.0}, {"service_id": "0000000000000000000a", "date": "2017-02-23", "exception_type": 1.0}, {"service_id": "00000000000000000006", "date": "2017-04-11", "exception_type": 3.0}, {"service_id": "00000000000000000016", "date": "2017-04-21", "exception_type": 2.0}, {"service_id": "00000000000000000012", "date": "2017-01-22", "exception_type": 0.0}, {"service_id": "00000000000000000018", "date": "2017-05-13", "exception_type": 1.0}, {"service_id": "00000000000000000005", "date": "2017-03-28", "exception_type": 3.0}, {"service_id": "0000000000000000000z", "date": "2017-04-29", "exception_type": 2.0}, {"service_id": "00000000000000000017", "date": "2017-01-26", "exception_type": 0.0}, {"service_id": "00000000000000000003", "date": "2017-03-16", "exception_type": 1.0}, {"service_id": "0000000000000000000l", "date": "2017-03-12", "exception_type": 3.0}, {"service_id": "0000000000000000001a", "date": "2017-03-21", "exception_type": 2.0}, {"service_id": "0000000000000000000j", "date": "2017-03-11", "exception_type": 0.0}, {"service_id": "0000000000000000000w", "date": "2017-02-02", "exception_type": 1.0}, {"service_id": "0000000000000000000m", "date": "2017-05-14", "exception_type": 3.0}, {"service_id": "0000000000000000000n", "date": "2017-03-27", "exception_type": 2.0}, {"service_id": "0000000000000000000g", "date": "2017-04-03", "exception_type": 0.0}, {"service_id": "0000000000000000000b", "date": "2017-01-14", "exception_type": 1.0}, {"service_id": "0000000000000000000y", "date": "2017-02-04", "exception_type": 3.0}, {"service_id": "00000000000000000010", "date": "2017-04-15", "exception_type": 2.0}, {"service_id": "0000000000000000001e", "date": "2017-01-06", "exception_type": 0.0}, {"service_id": "0000000000000000001b", "date": "2017-01-31", "exception_type": 1.0}, {"service_id": "0000000000000000000q", "date": "2017-04-26", "exception_type": 3.0}, {"service_id": "0000000000000000000u", "date": "2017-04-30", "exception_type": 2.0}, {"service_id": "00000000000000000008", "date": "2017-02-21", "exception_type": 0.0}, {"service_id": "0000000000000000000h", "date": "2017-04-23", "exception_type": 1.0}, {"service_id": "0000000000000000000i", "date": "2017-03-19", "exception_type": 3.0}, {"service_id": "0000000000000000000p", "date": "2017-01-17", "exception_type": 2.0}, {"service_id": "0000000000000000000d", "date": "2017-02-14", "exception_type": 0.0}, {"service_id": "0000000000000000000v", "date": "2017-02-05", "exception_type": 1.0}, {"service_id": "0000000000000000000f", "date": "2017-02-20", "exception_type": 3.0}, {"service_id": "00000000000000000004", "date": "2017-03-07", "exception_type": 2.0}, {"service_id": "0000000000000000000s", "date": "2017-01-21", "exception_type": 0.0}, {"service_id": "00000000000000000009", "date": "2017-02-03", "exception_type": 1.0}, {"service_id": "00000000000000000011", "date": "2017-04-13", "exception_type": 3.0}, {"service_id": "00000000000000000002", "date": "2017-03-31", "exception_type": 2.0}, {"service_id": "0000000000000000000e", "date": "2017-05-08", "exception_type": 0.0}, {"service_id": "0000000000000000001c", "date": "2017-04-20", "exception_type": 1.0}, {"service_id": "0000000000000000000x", "date": "2017-01-24", "exception_type": 3.0}, {"service_id": "0000000000000000000t", "date": "2017-04-14", "exception_type": 2.0}, {"service_id": "00000000000000000001", "date": "2017-04-06", "exception_type": 0.0}, {"service_id": "00000000000000000007", "date": "2017-01-16", "exception_type": 1.0}, {"service_id": "0000000000000000001d", "date": "2017-02-08", "exception_type": 3.0}, {"service_id": "00000000000000000014", "date": "2017-02-16", "exception_type": 2.0}, {"service_id": "00000000000000000015", "date": "2017-03-29", "exception_type": 0.0}, {"service_id": "0000000000000000000o", "date": "2017-05-25", "exception_type": 1.0}, {"service_id": "0000000000000000000k", "date": "2017-05-17", "exception_type": 3.0}, {"service_id": "00000000000000000013", "date": "2017-02-19", "exception_type": 2.0}, {"service_id": "00000000000000000019", "date": "2017-02-13", "exception_type": 0.0}, {"service_id": "0000000000000000000c", "date": "2017-01-10", "exception_type": 1.0}, {"service_id": "0000000000000000000r", "date": "2017-05-15", "exception_type": 3.0}, {"service_id": "0000000000000000000a", "date": "2017-04-12", "exception_type": 2.0}, {"service_id": "00000000000000000006", "date": "2017-03-02", "exception_type": 0.0}, {"service_id": "00000000000000000016", "date": "2017-01-23", "exception_type": 1.0}, {"service_id": "00000000000000000012", "date": "2017-03-06", "exception_type": 3.0}, {"service_id": "00000000000000000018", "date": "2017-01-07", "exception_type": 2.0}, {"service_id": "00000000000000000005", "date": "2017-02-26", "exception_type": 0.0}, {"service_id": "0000000000000000000z", "date": "2017-03-15", "exception_type": 1.0}, {"service_id": "00000000000000000017", "date": "2017-04-09", "exception_type": 3.0}, {"service_id": "00000000000000000003", "date": "2017-01-29", "exception_type": 2.0}, {"service_id": "0000000000000000000l", "date": "2017-03-26", "exception_type": 0.0}, {"service_id": "0000000000000000001a", "date": "2017-03-08", "exception_type": 1.0}, {"service_id": "0000000000000000000j", "date": "2017-05-06", "exception_type": 3.0}, {"service_id": "0000000000000000000w", "date": "2017-05-04", "exception_type": 2.0}, {"service_id": "0000000000000000000m", "date": "2017-03-13", "exception_type": 0.0}, {"service_id": "0000000000000000000n", "date": "2017-04-04", "exception_type": 1.0}, {"service_id": "0000000000000000000g", "date": "2017-04-07", "exception_type": 3.0}, {"service_id": "0000000000000000000b", "date": "2017-05-07", "exception_type": 2.0}, {"service_id": "0000000000000000000y", "date": "2017-02-06", "exception_type": 0.0}, {"service_id": "00000000000000000010", "date": "2017-03-05", "exception_type": 1.0}, {"service_id": "0000000000000000001e", "date": "2017-04-10", "exception_type": 3.0}, {"service_id": "0000000000000000001b", "date": "2017-03-01", "exception_type": 2.0}, {"service_id": "0000000000000000000q", "date": "2017-03-04", "exception_type": 0.0}, {"service_id": "0000000000000000000u", "date": "2017-02-25", "exception_type": 1.0}, {"service_id": "00000000000000000008", "date": "2017-05-16", "exception_type": 3.0}, {"service_id": "0000000000000000000h", "date": "2017-03-09", "exception_type": 2.0}, {"service_id": "0000000000000000000i", "date": "2017-02-12", "exception_type": 0.0}, {"service_id": "0000000000000000000p", "date": "2017-04-18", "exception_type": 1.0}, {"service_id": "0000000000000000000d", "date": "2017-01-12", "exception_type": 3.0}, {"service_id": "0000000000000000000v", "date": "2017-01-27", "exception_type": 2.0}, {"service_id": "0000000000000000000f", "date": "2017-03-14", "exception_type": 0.0}, {"service_id": "00000000000000000004", "date": "2017-01-30", "exception_type": 1.0}, {"service_id": "0000000000000000000s", "date": "2017-03-30", "exception_type": 3.0}, {"service_id": "00000000000000000009", "date": "2017-02-17", "exception_type": 2.0}, {"service_id": "00000000000000000011", "date": "2017-04-24", "exception_type": 0.0}, {"service_id": "00000000000000000002", "date": "2017-02-01", "exception_type": 1.0}, {"service_id": "0000000000000000000e", "date": "2017-04-05", "exception_type": 3.0}, {"service_id": "0000000000000000001c", "date": "2017-01-08", "exception_type": 2.0}, {"service_id": "0000000000000000000x", "date": "2017-03-24", "exception_type": 0.0}, {"service_id": "0000000000000000000t", "date": "2017-01-15", "exception_type": 1.0}, {"service_id": "00000000000000000001", "date": "2017-04-16", "exception_type": 3.0}, {"service_id": "00000000000000000007", "date": "2017-04-27", "exception_type": 2.0}, {"service_id": "0000000000000000001d", "date": "2017-02-11", "exception_type": 0.0}, {"service_id": "00000000000000000014", "date": "2017-03-17", "exception_type": 1.0}, {"service_id": "00000000000000000015", "date": "2017-03-25", "exception_type": 3.0}, {"service_id": "0000000000000000000o", "date": "2017-02-10", "exception_type": 2.0}, {"service_id": "0000000000000000000k", "date": "2017-05-05", "exception_type": 0.0}, {"service_id": "00000000000000000013", "date": "2017-04-08", "exception_type": 1.0}, {"service_id": "00000000000000000019", "date": "2017-01-09", "exception_type": 3.0}, {"service_id": "0000000000000000000c", "date": "2017-04-19", "exception_type": 2.0}, {"service_id": "0000000000000000000r", "date": "2017-05-23", "exception_type": 0.0}, {"service_id": "0000000000000000000a", "date": "2017-05-18", "exception_type": 1.0}, {"service_id": "00000000000000000006", "date": "2017-04-22", "exception_type": 3.0}, {"service_id": "00000000000000000016", "date": "2017-02-22", "exception_type": 2.0}, {"service_id": "00000000000000000012", "date": "2017-05-09", "exception_type": 0.0}, {"service_id": "00000000000000000018", "date": "2017-03-23", "exception_type": 1.0}, {"service_id": "00000000000000000005", "date": "2017-05-19", "exception_type": 3.0}, {"service_id": "0000000000000000000z", "date": "2017-05-24", "exception_type": 2.0}, {"service_id": "00000000000000000017", "date": "2017-05-12", "exception_type": 0.0}, {"service_id": "00000000000000000003", "date": "2017-04-02", "exception_type": 1.0}, {"service_id": "0000000000000000000l", "date": "2017-02-27", "exception_type": 3.0}, {"service_id": "0000000000000000001a", "date": "2017-03-10", "exception_type": 2.0}, {"service_id": "0000000000000000000j", "date": "2017-05-03", "exception_type": 0.0}, {"service_id": "0000000000000000000w", "date": "2017-02-15", "exception_type": 1.0}, {"service_id": "0000000000000000000m", "date": "2017-03-03", "exception_type": 3.0}, {"service_id": "0000000000000000000n", "date": "2017-02-09", "exception_type": 2.0}, {"service_id": "0000000000000000000g", "date": "2017-02-07", "exception_type": 0.0}, {"service_id": "0000000000000000000b", "date": "2017-04-25", "exception_type": 1.0}, {"service_id": "0000000000000000000y", "date": "2017-05-01", "exception_type": 3.0}, {"service_id": "00000000000000000010", "date": "2017-04-17", "exception_type": 2.0}, {"service_id": "0000000000000000001e", "date": "2017-05-10", "exception_type": 0.0}, {"service_id": "0000000000000000001b", "date": "2017-05-11", "exception_type": 1.0}, {"service_id": "0000000000000000000q", "date": "2017-03-22", "exception_type": 3.0}, {"service_id": "0000000000000000000u", "date": "2017-01-19", "exception_type": 2.0}, {"service_id": "00000000000000000008", "date": "2017-02-18", "exception_type": 0.0}, {"service_id": "0000000000000000000h", "date": "2017-05-20", "exception_type": 1.0}, {"service_id": "0000000000000000000i", "date": "2017-05-21", "exception_type": 3.0}, {"service_id": "0000000000000000000p", "date": "2017-05-02", "exception_type": 2.0}, {"service_id": "0000000000000000000d", "date": "2017-01-20", "exception_type": 0.0}, {"service_id": "0000000000000000000v", "date": "2017-02-24", "exception_type": 1.0}, {"service_id": "0000000000000000000f", "date": "2017-01-18", "exception_type": 3.0}, {"service_id": "00000000000000000004", "date": "2017-04-01", "exception_type": 2.0}, {"service_id": "0000000000000000000s", "date": "2017-02-28", "exception_type": 0.0}, {"service_id": "00000000000000000009", "date": "2017-01-11", "exception_type": 1.0}, {"service_id": "00000000000000000011", "date": "2017-01-25", "exception_type": 3.0}, {"service_id": "00000000000000000002", "date": "2017-03-20", "exception_type": 2.0}, {"service_id": "0000000000000000000e", "date": "2017-01-28", "exception_type": 0.0}, {"service_id": "0000000000000000001c", "date": "2017-05-22", "exception_type": 1.0}, {"service_id": "0000000000000000000x", "date": "2017-03-18", "exception_type": 3.0}, {"service_id": "0000000000000000000t", "date": "2017-01-13", "exception_type": 2.0}, {"service_id": "00000000000000000001", "date": "2017-04-28", "exception_type": 0.0}, {"service_id": "00000000000000000007", "date": "2017-02-23", "exception_type": 1.0}, {"service_id": "0000000000000000001d", "date": "2017-04-11", "exception_type": 3.0}, {"service_id": "00000000000000000014", "date": "2017-04-21", "exception_type": 2.0}, {"service_id": "00000000000000000015", "date": "2017-01-22", "exception_type": 0.0}, {"service_id": "0000000000000000000o", "date": "2017-05-13", "exception_type": 1.0}, {"service_id": "0000000000000000000k", "date": "2017-03-28", "exception_type": 3.0}, {"service_id": "00000000000000000013", "date": "2017-04-29", "exception_type": 2.0}, {"service_id": "00000000000000000019", "date": "2017-01-26", "exception_type": 0.0}, {"service_id": "0000000000000000000c", "date": "2017-03-16", "exception_type": 1.0}, {"service_id": "0000000000000000000r", "date": "2017-03-12", "exception_type": 3.0}, {"service_id": "0000000000000000000a", "date": "2017-03-21", "exception_type": 2.0}, {"service_id": "00000000000000000006", "date": "2017-03-11", "exception_type": 0.0}, {"service_id": "00000000000000000016", "date": "2017-02-02", "exception_type": 1.0}, {"service_id": "00000000000000000012", "date": "2017-05-14", "exception_type": 3.0}, {"service_id": "00000000000000000018", "date": "2017-03-27", "exception_type": 2.0}, {"service_id": "00000000000000000005", "date": "2017-04-03", "exception_type": 0.0}, {"service_id": "0000000000000000000z", "date": "2017-01-14", "exception_type": 1.0}, {"service_id": "00000000000000000017", "date": "2017-02-04", "exception_type": 3.0}, {"service_id": "00000000000000000003", "date": "2017-04-15", "exception_type": 2.0}, {"service_id": "0000000000000000000l", "date": "2017-01-06", "exception_type": 0.0}, {"service_id": "0000000000000000001a", "date": "2017-01-31", "exception_type": 1.0}, {"service_id": "0000000000000000000j", "date": "2017-04-26", "exception_type": 3.0}, {"service_id": "0000000000000000000w", "date": "2017-04-30", "exception_type": 2.0}, {"service_id": "0000000000000000000m", "date": "2017-02-21", "exception_type": 0.0}, {"service_id": "0000000000000000000n", "date": "2017-04-23", "exception_type": 1.0}, {"service_id": "0000000000000000000g", "date": "2017-03-19", "exception_type": 3.0}, {"service_id": "0000000000000000000b", "date": "2017-01-17", "exception_type": 2.0}, {"service_id": "0000000000000000000y", "date": "2017-02-14", "exception_type": 0.0}, {"service_id": "00000000000000000010", "date": "2017-02-05", "exception_type": 1.0}, {"service_id": "0000000000000000001e", "date": "2017-02-20", "exception_type": 3.0}, {"service_id": "0000000000000000001b", "date": "2017-03-07", "exception_type": 2.0}, {"service_id": "0000000000000000000q", "date": "2017-01-21", "exception_type": 0.0}, {"service_id": "0000000000000000000u", "date": "2017-02-03", "exception_type": 1.0}, {"service_id": "00000000000000000008", "date": "2017-04-13", "exception_type": 3.0}, {"service_id": "0000000000000000000h", "date": "2017-03-31", "exception_type": 2.0}, {"service_id": "0000000000000000000i", "date": "2017-05-08", "exception_type": 0.0}, {"service_id": "0000000000000000000p", "date": "2017-04-20", "exception_type": 1.0}, {"service_id": "0000000000000000000d", "date": "2017-01-24", "exception_type": 3.0}, {"service_id": "0000000000000000000v", "date": "2017-04-14", "exception_type": 2.0}, {"service_id": "0000000000000000000f", "date": "2017-04-06", "exception_type": 0.0}, {"service_id": "00000000000000000004", "date": "2017-01-16", "exception_type": 1.0}, {"service_id": "0000000000000000000s", "date": "2017-02-08", "exception_type": 3.0}, {"service_id": "00000000000000000009", "date": "2017-02-16", "exception_type": 2.0}, {"service_id": "00000000000000000011", "date": "2017-03-29", "exception_type": 0.0}, {"service_id": "00000000000000000002", "date": "2017-05-25", "exception_type": 1.0}, {"service_id": "0000000000000000000e", "date": "2017-05-17", "exception_type": 3.0}, {"service_id": "0000000000000000001c", "date": "2017-02-19", "exception_type": 2.0}, {"service_id": "0000000000000000000x", "date": "2017-02-13", "exception_type": 0.0}, {"service_id": "0000000000000000000t", "date": "2017-01-10", "exception_type": 1.0}, {"service_id": "00000000000000000001", "date": "2017-05-15", "exception_type": 3.0}, {"service_id": "00000000000000000007", "date": "2017-04-12", "exception_type": 2.0}, {"service_id": "0000000000000000001d", "date": "2017-03-02", "exception_type": 0.0}, {"service_id": "00000000000000000014", "date": "2017-01-23", "exception_type": 1.0}, {"service_id": "00000000000000000015", "date": "2017-03-06", "exception_type": 3.0}, {"service_id": "0000000000000000000o", "date": "2017-01-07", "exception_type": 2.0}, {"service_id": "0000000000000000000k", "date": "2017-02-26", "exception_type": 0.0}, {"service_id": "00000000000000000013", "date": "2017-03-15", "exception_type": 1.0}, {"service_id": "00000000000000000019", "date": "2017-04-09", "exception_type": 3.0}, {"service_id": "0000000000000000000c", "date": "2017-01-29", "exception_type": 2.0}, {"service_id": "0000000000000000000r", "date": "2017-03-26", "exception_type": 0.0}, {"service_id": "0000000000000000000a", "date": "2017-03-08", "exception_type": 1.0}, {"service_id": "00000000000000000006", "date": "2017-05-06", "exception_type": 3.0}, {"service_id": "00000000000000000016", "date": "2017-05-04", "exception_type": 2.0}, {"service_id": "00000000000000000012", "date": "2017-03-13", "exception_type": 0.0}, {"service_id": "00000000000000000018", "date": "2017-04-04", "exception_type": 1.0}, {"service_id": "00000000000000000005", "date": "2017-04-07", "exception_type": 3.0}, {"service_id": "0000000000000000000z", "date": "2017-05-07", "exception_type": 2.0}, {"service_id": "00000000000000000017", "date": "2017-02-06", "exception_type": 0.0}, {"service_id": "00000000000000000003", "date": "2017-03-05", "exception_type": 1.0}, {"service_id": "0000000000000000000l", "date": "2017-04-10", "exception_type": 3.0}, {"service_id": "0000000000000000001a", "date": "2017-03-01", "exception_type": 2.0}, {"service_id": "0000000000000000000j", "date": "2017-03-04", "exception_type": 0.0}, {"service_id": "0000000000000000000w", "date": "2017-02-25", "exception_type": 1.0}, {"service_id": "0000000000000000000m", "date": "2017-05-16", "exception_type": 3.0}, {"service_id": "0000000000000000000n", "date": "2017-03-09", "exception_type": 2.0}, {"service_id": "0000000000000000000g", "date": "2017-02-12", "exception_type": 0.0}, {"service_id": "0000000000000000000b", "date": "2017-04-18", "exception_type": 1.0}, {"service_id": "0000000000000000000y", "date": "2017-01-12", "exception_type": 3.0}, {"service_id": "00000000000000000010", "date": "2017-01-27", "exception_type": 2.0}, {"service_id": "0000000000000000001e", "date": "2017-03-14", "exception_type": 0.0}, {"service_id": "0000000000000000001b", "date": "2017-01-30", "exception_type": 1.0}, {"service_id": "0000000000000000000q", "date": "2017-03-30", "exception_type": 3.0}, {"service_id": "0000000000000000000u", "date": "2017-02-17", "exception_type": 2.0}, {"service_id": "00000000000000000008", "date": "2017-04-24", "exception_type": 0.0}, {"service_id": "0000000000000000000h", "date": "2017-02-01", "exception_type": 1.0}, {"service_id": "0000000000000000000i", "date": "2017-04-05", "exception_type": 3.0}, {"service_id": "0000000000000000000p", "date": "2017-01-08", "exception_type": 2.0}, {"service_id": "0000000000000000000d", "date": "2017-03-24", "exception_type": 0.0}, {"service_id": "0000000000000000000v", "date": "2017-01-15", "exception_type": 1.0}, {"service_id": "0000000000000000000f", "date": "2017-04-16", "exception_type": 3.0}, {"service_id": "00000000000000000004", "date": "2017-04-27", "exception_type": 2.0}, {"service_id": "0000000000000000000s", "date": "2017-02-11", "exception_type": 0.0}, {"service_id": "00000000000000000009", "date": "2017-03-17", "exception_type": 1.0}, {"service_id": "00000000000000000011", "date": "2017-03-25", "exception_type": 3.0}, {"service_id": "00000000000000000002", "date": "2017-02-10", "exception_type": 2.0}, {"service_id": "0000000000000000000e", "date": "2017-05-05", "exception_type": 0.0}, {"service_id": "0000000000000000001c", "date": "2017-04-08", "exception_type": 1.0}, {"service_id": "0000000000000000000x", "date": "2017-01-09", "exception_type": 3.0}, {"service_id": "0000000000000000000t", "date": "2017-04-19", "exception_type": 2.0}, {"service_id": "00000000000000000001", "date": "2017-05-23", "exception_type": 0.0}, {"service_id": "00000000000000000007", "date": "2017-05-18", "exception_type": 1.0}, {"service_id": "0000000000000000001d", "date": "2017-04-22", "exception_type": 3.0}, {"service_id": "00000000000000000014", "date": "2017-02-22", "exception_type": 2.0}, {"service_id": "00000000000000000015", "date": "2017-05-09", "exception_type": 0.0}, {"service_id": "0000000000000000000o", "date": "2017-03-23", "exception_type": 1.0}, {"service_id": "0000000000000000000k", "date": "2017-05-19", "exception_type": 3.0}, {"service_id": "00000000000000000013", "date": "2017-05-24", "exception_type": 2.0}, {"service_id": "00000000000000000019", "date": "2017-05-12", "exception_type": 0.0}, {"service_id": "0000000000000000000c", "date": "2017-04-02", "exception_type": 1.0}, {"service_id": "0000000000000000000r", "date": "2017-02-27", "exception_type": 3.0}, {"service_id": "0000000000000000000a", "date": "2017-03-10", "exception_type": 2.0}, {"service_id": "00000000000000000006", "date": "2017-05-03", "exception_type": 0.0}, {"service_id": "00000000000000000016", "date": "2017-02-15", "exception_type": 1.0}, {"service_id": "00000000000000000012", "date": "2017-03-03", "exception_type": 3.0}, {"service_id": "00000000000000000018", "date": "2017-02-09", "exception_type": 2.0}, {"service_id": "00000000000000000005", "date": "2017-02-07", "exception_type": 0.0}, {"service_id": "0000000000000000000z", "date": "2017-04-25", "exception_type": 1.0}, {"service_id": "00000000000000000017", "date": "2017-05-01", "exception_type": 3.0}, {"service_id": "00000000000000000003", "date": "2017-04-17", "exception_type": 2.0}, {"service_id": "0000000000000000000l", "date": "2017-05-10", "exception_type": 0.0}, {"service_id": "0000000000000000001a", "date": "2017-05-11", "exception_type": 1.0}, {"service_id": "0000000000000000000j", "date": "2017-03-22", "exception_type": 3.0}, {"service_id": "0000000000000000000w", "date": "2017-01-19", "exception_type": 2.0}, {"service_id": "0000000000000000000m", "date": "2017-02-18", "exception_type": 0.0}, {"service_id": "0000000000000000000n", "date": "2017-05-20", "exception_type": 1.0}, {"service_id": "0000000000000000000g", "date": "2017-05-21", "exception_type": 3.0}, {"service_id": "0000000000000000000b", "date": "2017-05-02", "exception_type": 2.0}, {"service_id": "0000000000000000000y", "date": "2017-01-20", "exception_type": 0.0}, {"service_id": "00000000000000000010", "date": "2017-02-24", "exception_type": 1.0}, {"service_id": "0000000000000000001e", "date": "2017-01-18", "exception_type": 3.0}, {"service_id": "0000000000000000001b", "date": "2017-04-01", "exception_type": 2.0}, {"service_id": "0000000000000000000q", "date": "2017-02-28", "exception_type": 0.0}, {"service_id": "0000000000000000000u", "date": "2017-01-11", "exception_type": 1.0}, {"service_id": "00000000000000000008", "date": "2017-01-25", "exception_type": 3.0}, {"service_id": "0000000000000000000h", "date": "2017-03-20", "exception_type": 2.0}, {"service_id": "0000000000000000000i", "date": "2017-01-28", "exception_type": 0.0}, {"service_id": "0000000000000000000p", "date": "2017-05-22", "exception_type": 1.0}, {"service_id": "0000000000000000000d", "date": "2017-03-18", "exception_type": 3.0}, {"service_id": "0000000000000000000v", "date": "2017-01-13", "exception_type": 2.0}, {"service_id": "0000000000000000000f", "date": "2017-04-28", "exception_type": 0.0}, {"service_id": "00000000000000000004", "date": "2017-02-23", "exception_type": 1.0}, {"service_id": "0000000000000000000s", "date": "2017-04-11", "exception_type": 3.0}, {"service_id": "00000000000000000009", "date": "2017-04-21", "exception_type": 2.0}, {"service_id": "00000000000000000011", "date": "2017-01-22", "exception_type": 0.0}, {"service_id": "00000000000000000002", "date": "2017-05-13", "exception_type": 1.0}, {"service_id": "0000000000000000000e", "date": "2017-03-28", "exception_type": 3.0}, {"service_id": "0000000000000000001c", "date": "2017-04-29", "exception_type": 2.0}, {"service_id": "0000000000000000000x", "date": "2017-01-26", "exception_type": 0.0}, {"service_id": "0000000000000000000t", "date": "2017-03-16", "exception_type": 1.0}, {"service_id": "00000000000000000001", "date": "2017-03-12", "exception_type": 3.0}, {"service_id": "00000000000000000007", "date": "2017-03-21", "exception_type": 2.0}, {"service_id": "0000000000000000001d", "date": "2017-03-11", "exception_type": 0.0}, {"service_id": "00000000000000000014", "date": "2017-02-02", "exception_type": 1.0}, {"service_id": "00000000000000000015", "date": "2017-05-14", "exception_type": 3.0}, {"service_id": "0000000000000000000o", "date": "2017-03-27", "exception_type": 2.0}, {"service_id": "0000000000000000000k", "date": "2017-04-03", "exception_type": 0.0}, {"service_id": "00000000000000000013", "date": "2017-01-14", "exception_type": 1.0}, {"service_id": "00000000000000000019", "date": "2017-02-04", "exception_type": 3.0}, {"service_id": "0000000000000000000c", "date": "2017-04-15", "exception_type": 2.0}, {"service_id": "0000000000000000000r", "date": "2017-01-06", "exception_type": 0.0}, {"service_id": "0000000000000000000a", "date": "2017-01-31", "exception_type": 1.0}, {"service_id": "00000000000000000006", "date": "2017-04-26", "exception_type": 3.0}, {"service_id": "00000000000000000016", "date": "2017-04-30", "exception_type": 2.0}, {"service_id": "00000000000000000012", "date": "2017-02-21", "exception_type": 0.0}, {"service_id": "00000000000000000018", "date": "2017-04-23", "exception_type": 1.0}, {"service_id": "00000000000000000005", "date": "2017-03-19", "exception_type": 3.0}, {"service_id": "0000000000000000000z", "date": "2017-01-17", "exception_type": 2.0}, {"service_id": "00000000000000000017", "date": "2017-02-14", "exception_type": 0.0}, {"service_id": "00000000000000000003", "date": "2017-02-05", "exception_type": 1.0}, {"service_id": "0000000000000000000l", "date": "2017-02-20", "exception_type": 3.0}, {"service_id": "0000000000000000001a", "date": "2017-03-07", "exception_type": 2.0}, {"service_id": "0000000000000000000j", "date": "2017-01-21", "exception_type": 0.0}, {"service_id": "0000000000000000000w", "date": "2017-02-03", "exception_type": 1.0}, {"service_id": "0000000000000000000m", "date": "2017-04-13", "exception_type": 3.0}, {"service_id": "0000000000000000000n", "date": "2017-03-31", "exception_type": 2.0}, {"service_id": "0000000000000000000g", "date": "2017-05-08", "exception_type": 0.0}, {"service_id": "0000000000000000000b", "date": "2017-04-20", "exception_type": 1.0}, {"service_id": "0000000000000000000y", "date": "2017-01-24", "exception_type": 3.0}, {"service_id": "00000000000000000010", "date": "2017-04-14", "exception_type": 2.0}, {"service_id": "0000000000000000001e", "date": "2017-04-06", "exception_type": 0.0}, {"service_id": "0000000000000000001b", "date": "2017-01-16", "exception_type": 1.0}, {"service_id": "0000000000000000000q", "date": "2017-02-08", "exception_type": 3.0}, {"service_id": "0000000000000000000u", "date": "2017-02-16", "exception_type": 2.0}, {"service_id": "00000000000000000008", "date": "2017-03-29", "exception_type": 0.0}, {"service_id": "0000000000000000000h", "date": "2017-05-25", "exception_type": 1.0}, {"service_id": "0000000000000000000i", "date": "2017-05-17", "exception_type": 3.0}, {"service_id": "0000000000000000000p", "date": "2017-02-19", "exception_type": 2.0}, {"service_id": "0000000000000000000d", "date": "2017-02-13", "exception_type": 0.0}, {"service_id": "0000000000000000000v", "date": "2017-01-10", "exception_type": 1.0}, {"service_id": "0000000000000000000f", "date": "2017-05-15", "exception_type": 3.0}, {"service_id": "00000000000000000004", "date": "2017-04-12", "exception_type": 2.0}, {"service_id": "0000000000000000000s", "date": "2017-03-02", "exception_type": 0.0}, {"service_id": "00000000000000000009", "date": "2017-01-23", "exception_type": 1.0}, {"service_id": "00000000000000000011", "date": "2017-03-06", "exception_type": 3.0}, {"service_id": "00000000000000000002", "date": "2017-01-07", "exception_type": 2.0}, {"service_id": "0000000000000000000e", "date": "2017-02-26", "exception_type": 0.0}, {"service_id": "0000000000000000001c", "date": "2017-03-15", "exception_type": 1.0}, {"service_id": "0000000000000000000x", "date": "2017-04-09", "exception_type": 3.0}, {"service_id": "0000000000000000000t", "date": "2017-01-29", "exception_type": 2.0}, {"service_id": "00000000000000000001", "date": "2017-03-26", "exception_type": 0.0}, {"service_id": "00000000000000000007", "date": "2017-03-08", "exception_type": 1.0}, {"service_id": "0000000000000000001d", "date": "2017-05-06", "exception_type": 3.0}, {"service_id": "00000000000000000014", "date": "2017-05-04", "exception_type": 2.0}, {"service_id": "00000000000000000015", "date": "2017-03-13", "exception_type": 0.0}, {"service_id": "0000000000000000000o", "date": "2017-04-04", "exception_type": 1.0}, {"service_id": "0000000000000000000k", "date": "2017-04-07", "exception_type": 3.0}, {"service_id": "00000000000000000013", "date": "2017-05-07", "exception_type": 2.0}, {"service_id": "00000000000000000019", "date": "2017-02-06", "exception_type": 0.0}, {"service_id": "0000000000000000000c", "date": "2017-03-05", "exception_type": 1.0}, {"service_id": "0000000000000000000r", "date": "2017-04-10", "exception_type": 3.0}, {"service_id": "0000000000000000000a", "date": "2017-03-01", "exception_type": 2.0}, {"service_id": "00000000000000000006", "date": "2017-03-04", "exception_type": 0.0}, {"service_id": "00000000000000000016", "date": "2017-02-25", "exception_type": 1.0}, {"service_id": "00000000000000000012", "date": "2017-05-16", "exception_type": 3.0}, {"service_id": "00000000000000000018", "date": "2017-03-09", "exception_type": 2.0}, {"service_id": "00000000000000000005", "date": "2017-02-12", "exception_type": 0.0}, {"service_id": "0000000000000000000z", "date": "2017-04-18", "exception_type": 1.0}, {"service_id": "00000000000000000017", "date": "2017-01-12", "exception_type": 3.0}, {"service_id": "00000000000000000003", "date": "2017-01-27", "exception_type": 2.0}, {"service_id": "0000000000000000000l", "date": "2017-03-14", "exception_type": 0.0}, {"service_id": "0000000000000000001a", "date": "2017-01-30", "exception_type": 1.0}, {"service_id": "0000000000000000000j", "date": "2017-03-30", "exception_type": 3.0}, {"service_id": "0000000000000000000w", "date": "2017-02-17", "exception_type": 2.0}, {"service_id": "0000000000000000000m", "date": "2017-04-24", "exception_type": 0.0}, {"service_id": "0000000000000000000n", "date": "2017-02-01", "exception_type": 1.0}, {"service_id": "0000000000000000000g", "date": "2017-04-05", "exception_type": 3.0}, {"service_id": "0000000000000000000b", "date": "2017-01-08", "exception_type": 2.0}, {"service_id": "0000000000000000000y", "date": "2017-03-24", "exception_type": 0.0}, {"service_id": "00000000000000000010", "date": "2017-01-15", "exception_type": 1.0}, {"service_id": "0000000000000000001e", "date": "2017-04-16", "exception_type": 3.0}, {"service_id": "0000000000000000001b", "date": "2017-04-27", "exception_type": 2.0}, {"service_id": "0000000000000000000q", "date": "2017-02-11", "exception_type": 0.0}, {"service_id": "0000000000000000000u", "date": "2017-03-17", "exception_type": 1.0}, {"service_id": "00000000000000000008", "date": "2017-03-25", "exception_type": 3.0}, {"service_id": "0000000000000000000h", "date": "2017-02-10", "exception_type": 2.0}, {"service_id": "0000000000000000000i", "date": "2017-05-05", "exception_type": 0.0}, {"service_id": "0000000000000000000p", "date": "2017-04-08", "exception_type": 1.0}, {"service_id": "0000000000000000000d", "date": "2017-01-09", "exception_type": 3.0}, {"service_id": "0000000000000000000v", "date": "2017-04-19", "exception_type": 2.0}, {"service_id": "0000000000000000000f", "date": "2017-05-23", "exception_type": 0.0}, {"service_id": "00000000000000000004", "date": "2017-05-18", "exception_type": 1.0}, {"service_id": "0000000000000000000s", "date": "2017-04-22", "exception_type": 3.0}, {"service_id": "00000000000000000009", "date": "2017-02-22", "exception_type": 2.0}, {"service_id": "00000000000000000011", "date": "2017-05-09", "exception_type": 0.0}, {"service_id": "00000000000000000002", "date": "2017-03-23", "exception_type": 1.0}, {"service_id": "0000000000000000000e", "date": "2017-05-19", "exception_type": 3.0}, {"service_id": "0000000000000000001c", "date": "2017-05-24", "exception_type": 2.0}, {"service_id": "0000000000000000000x", "date": "2017-05-12", "exception_type": 0.0}, {"service_id": "0000000000000000000t", "date": "2017-04-02", "exception_type": 1.0}, {"service_id": "00000000000000000001", "date": "2017-02-27", "exception_type": 3.0}, {"service_id": "00000000000000000007", "date": "2017-03-10", "exception_type": 2.0}, {"service_id": "0000000000000000001d", "date": "2017-05-03", "exception_type": 0.0}, {"service_id": "00000000000000000014", "date": "2017-02-15", "exception_type": 1.0}, {"service_id": "00000000000000000015", "date": "2017-03-03", "exception_type": 3.0}, {"service_id": "0000000000000000000o", "date": "2017-02-09", "exception_type": 2.0}, {"service_id": "0000000000000000000k", "date": "2017-02-07", "exception_type": 0.0}, {"service_id": "00000000000000000013", "date": "2017-04-25", "exception_type": 1.0}, {"service_id": "00000000000000000019", "date": "2017-05-01", "exception_type": 3.0}, {"service_id": "0000000000000000000c", "date": "2017-04-17", "exception_type": 2.0}, {"service_id": "0000000000000000000r", "date": "2017-05-10", "exception_type": 0.0}, {"service_id": "0000000000000000000a", "date": "2017-05-11", "exception_type": 1.0}, {"service_id": "00000000000000000006", "date": "2017-03-22", "exception_type": 3.0}, {"service_id": "00000000000000000016", "date": "2017-01-19", "exception_type": 2.0}, {"service_id": "00000000000000000012", "date": "2017-02-18", "exception_type": 0.0}, {"service_id": "00000000000000000018", "date": "2017-05-20", "exception_type": 1.0}, {"service_id": "00000000000000000005", "date": "2017-05-21", "exception_type": 3.0}, {"service_id": "0000000000000000000z", "date": "2017-05-02", "exception_type": 2.0}, {"service_id": "00000000000000000017", "date": "2017-01-20", "exception_type": 0.0}, {"service_id": "00000000000000000003", "date": "2017-02-24", "exception_type": 1.0}, {"service_id": "0000000000000000000l", "date": "2017-01-18", "exception_type": 3.0}, {"service_id": "0000000000000000001a", "date": "2017-04-01", "exception_type": 2.0}, {"service_id": "0000000000000000000j", "date": "2017-02-28", "exception_type": 0.0}, {"service_id": "0000000000000000000w", "date": "2017-01-11", "exception_type": 1.0}, {"service_id": "0000000000000000000m", "date": "2017-01-25", "exception_type": 3.0}, {"service_id": "0000000000000000000n", "date": "2017-03-20", "exception_type": 2.0}, {"service_id": "0000000000000000000g", "date": "2017-01-28", "exception_type": 0.0}, {"service_id": "0000000000000000000b", "date": "2017-05-22", "exception_type": 1.0}, {"service_id": "0000000000000000000y", "date": "2017-03-18", "exception_type": 3.0}, {"service_id": "00000000000000000010", "date": "2017-01-13", "exception_type": 2.0}, {"service_id": "0000000000000000001e", "date": "2017-04-28", "exception_type": 0.0}, {"service_id": "0000000000000000001b", "date": "2017-02-23", "exception_type": 1.0}, {"service_id": "0000000000000000000q", "date": "2017-04-11", "exception_type": 3.0}, {"service_id": "0000000000000000000u", "date": "2017-04-21", "exception_type": 2.0}, {"service_id": "00000000000000000008", "date": "2017-01-22", "exception_type": 0.0}, {"service_id": "0000000000000000000h", "date": "2017-05-13", "exception_type": 1.0}, {"service_id": "0000000000000000000i", "date": "2017-03-28", "exception_type": 3.0}, {"service_id": "0000000000000000000p", "date": "2017-04-29", "exception_type": 2.0}, {"service_id": "0000000000000000000d", "date": "2017-01-26", "exception_type": 0.0}, {"service_id": "0000000000000000000v", "date": "2017-03-16", "exception_type": 1.0}, {"service_id": "0000000000000000000f", "date": "2017-03-12", "exception_type": 3.0}, {"service_id": "00000000000000000004", "date": "2017-03-21", "exception_type": 2.0}, {"service_id": "0000000000000000000s", "date": "2017-03-11", "exception_type": 0.0}, {"service_id": "00000000000000000009", "date": "2017-02-02", "exception_type": 1.0}, {"service_id": "00000000000000000011", "date": "2017-05-14", "exception_type": 3.0}, {"service_id": "00000000000000000002", "date": "2017-03-27", "exception_type": 2.0}, {"service_id": "0000000000000000000e", "date": "2017-04-03", "exception_type": 0.0}, {"service_id": "0000000000000000001c", "date": "2017-01-14", "exception_type": 1.0}, {"service_id": "0000000000000000000x", "date": "2017-02-04", "exception_type": 3.0}, {"service_id": "0000000000000000000t", "date": "2017-04-15", "exception_type": 2.0}, {"service_id": "00000000000000000001", "date": "2017-01-06", "exception_type": 0.0}, {"service_id": "00000000000000000007", "date": "2017-01-31", "exception_type": 1.0}]