[{"service_id": "0000000000000000001d", "monday": 3.0, "tuesday": 3.0, "wednesday": 3.0, "thursday": 3.0, "friday": 3.0, "saturday": 3.0, "sunday": 3.0, "start_date": "2017-06-29", "end_date": "2018-06-29"}, {"service_id": "00000000000000000014", "monday": 2.0, "tuesday": 2.0, "wednesday": 2.0, "thursday": 2.0, "friday": 2.0, "saturday": 2.0, "sunday": 2.0, "start_date": "2017-06-30", "end_date": "2018-06-30"}, {"service_id": "00000000000000000015", "monday": 0.0, "tuesday": 0.0, "wednesday": 0.0, "thursday": 0.0, "friday": 0.0, "saturday": 0.0, "sunday": 0.0, "start_date": "2017-06-29", "end_date": "2018-06-29"}, {"service_id": "0000000000000000000o", "monday": 1.0, "tuesday": 1.0, "wednesday": 1.0, "thursday": 1.0, "friday": 1.0, "saturday": 1.0, "sunday": 1.0, "start_date": "2017-06-30", "end_date": "2018-06-30"}, {"service_id": "0000000000000000000k", "monday": 3.0, "tuesday": 3.0, "wednesday": 3.0, "thursday": 3.0, "friday": 3.0, "saturday": 3.0, "sunday": 3.0, "start_date": "2017-06-29", "end_date": "2018-06-29"}, {"service_id": "00000000000000000013", "monday": 2.0, "tuesday": 2.0, "wednesday": 2.0, "thursday": 2.0, "friday": 2.0, "saturday": 2.0, "sunday": 2.0, "start_date": "2017-06-30", "end_date": "2018-06-30"}, {"service_id": "00000000000000000019", "monday": 0.0, "tuesday": 0.0, "wednesday": 0.0, "thursday": 0.0, "friday": 0.0, "saturday": 0.0, "sunday": 0.0, "start_date": "2017-06-29", "end_date": "2018-06-29"}, {"service_id": "0000000000000000000c", "monday": 1.0, "tuesday": 1.0, "wednesday": 1.0, "thursday": 1.0, "friday": 1.0, "saturday": 1.0, "sunday": 1.0, "start_date": "2017-06-30", "end_date": "2018-06-30"}, {"service_id": "0000000000000000000r", "monday": 3.0, "tuesday": 3.0, "wednesday": 3.0, "thursday": 3.0, "friday": 3.0, "saturday": 3.0, "sunday": 3.0, "start_date": "2017-06-29", "end_date": "2018-06-29"}, {"service_id": "0000000000000000000a", "monday": 2.0, "tuesday": 2.0, "wednesday": 2.0, "thursday": 2.0, "friday": 2.0, "saturday": 2.0, "sunday": 2.0, "start_date": "2017-06-30", "end_date": "2018-06-30"}, {"service_id": "00000000000000000006", "monday": 0.0, "tuesday": 0.0, "wednesday": 0.0, "thursday": 0.0, "friday": 0.0, "saturday": 0.0, "sunday": 0.0, "start_date": "2017-06-29", "end_date": "2018-06-29"}, {"service_id": "00000000000000000016", "monday": 1.0, "tuesday": 1.0, "wednesday": 1.0, "thursday": 1.0, "friday": 1.0, "saturday": 1.0, "sunday": 1.0, "start_date": "2017-06-30", "end_date": "2018-06-30"}, {"service_id": "00000000000000000012", "monday": 3.0, "tuesday": 3.0, "wednesday": 3.0, "thursday": 3.0, "friday": 3.0, "saturday": 3.0, "sunday": 3.0, "start_date": "2017-06-29", "end_date": "2018-06-29"}, {"service_id": "00000000000000000018", "monday": 2.0, "tuesday": 2.0, "wednesday": 2.0, "thursday": 2.0, "friday": 2.0, "saturday": 2.0, "sunday": 2.0, "start_date": "2017-06-30", "end_date": "2018-06-30"}, {"service_id": "00000000000000000005", "monday": 0.0, "tuesday": 0.0, "wednesday": 0.0, "thursday": 0.0, "friday": 0.0, "saturday": 0.0, "sunday": 0.0, "start_date": "2017-06-29", "end_date": "2018-06-29"}, {"service_id": "0000000000000000000z", "monday": 1.0, "tuesday": 1.0, "wednesday": 1.0, "thursday": 1.0, "friday": 1.0, "saturday": 1.0, "sunday": 1.0, "start_date": "2017-06-30", "end_date": "2018-06-30"}, {"service_id": "00000000000000000017", "monday": 3.0, "tuesday": 3.0, "wednesday": 3.0, "thursday": 3.0, "friday": 3.0, "saturday": 3.0, "sunday": 3.0, "start_date": "2017-06-29", "end_date": "2018-06-29"}, {"service_id": "00000000000000000003", "monday": 2.0, "tuesday": 2.0, "wednesday": 2.0, "thursday": 2.0, "friday": 2.0, "saturday": 2.0, "sunday": 2.0, "start_date": "2017-06-30", "end_date": "2018-06-30"}, {"service_id": "0000000000000000000l", "monday": 0.0, "tuesday": 0.0, "wednesday": 0.0, "thursday": 0.0, "friday": 0.0, "saturday": 0.0, "sunday": 0.0, "start_date": "2017-06-29", "end_date": "2018-06-29"}, {"service_id": "0000000000000000001a", "monday": 1.0, "tuesday": 1.0, "wednesday": 1.0, "thursday": 1.0, "friday": 1.0, "saturday": 1.0, "sunday": 1.0, "start_date": "2017-06-30", "end_date": "2018-06-30"}, {"service_id": "0000000000000000000j", "monday": 3.0, "tuesday": 3.0, "wednesday": 3.0, "thursday": 3.0, "friday": 3.0, "saturday": 3.0, "sunday": 3.0, "start_date": "2017-06-29", "end_date": "2018-06-29"}, {"service_id": "0000000000000000000w", "monday": 2.0, "tuesday": 2.0, "wednesday": 2.0, "thursday": 2.0, "friday": 2.0, "saturday": 2.0, "sunday": 2.0, "start_date": "2017-06-30", "end_date": "2018-06-30"}, {"service_id": "0000000000000000000m", "monday": 0.0, "tuesday": 0.0, "wednesday": 0.0, "thursday": 0.0, "friday": 0.0, "saturday": 0.0, "sunday": 0.0, "start_date": "2017-06-29", "end_date": "2018-06-29"}, {"service_id": "0000000000000000000n", "monday": 1.0, "tuesday": 1.0, "wednesday": 1.0, "thursday": 1.0, "friday": 1.0, "saturday": 1.0, "sunday": 1.0, "start_date": "2017-06-30", "end_date": "2018-06-30"}, {"service_id": "0000000000000000000g", "monday": 3.0, "tuesday": 3.0, "wednesday": 3.0, "thursday": 3.0, "friday": 3.0, "saturday": 3.0, "sunday": 3.0, "start_date": "2017-06-29", "end_date": "2018-06-29"}, {"service_id": "0000000000000000000b", "monday": 2.0, "tuesday": 2.0, "wednesday": 2.0, "thursday": 2.0, "friday": 2.0, "saturday": 2.0, "sunday": 2.0, "start_date": "2017-06-30", "end_date": "2018-06-30"}, {"service_id": "0000000000000000000y", "monday": 0.0, "tuesday": 0.0, "wednesday": 0.0, "thursday": 0.0, "friday": 0.0, "saturday": 0.0, "sunday": 0.0, "start_date": "2017-06-29", "end_date": "2018-06-29"}, {"service_id": "00000000000000000010", "monday": 1.0, "tuesday": 1.0, "wednesday": 1.0, "thursday": 1.0, "friday": 1.0, "saturday": 1.0, "sunday": 1.0, "start_date": "2017-06-30", "end_date": "2018-06-30"}, {"service_id": "0000000000000000001e", "monday": 3.0, "tuesday": 3.0, "wednesday": 3.0, "thursday": 3.0, "friday": 3.0, "saturday": 3.0, "sunday": 3.0, "start_date": "2017-06-29", "end_date": "2018-06-29"}, {"service_id": "0000000000000000001b", "monday": 2.0, "tuesday": 2.0, "wednesday": 2.0, "thursday": 2.0, "friday": 2.0, "saturday": 2.0, "sunday": 2.0, "start_date": "2017-06-30", "end_date": "2018-06-30"}, {"service_id": "0000000000000000000q", "monday": 0.0, "tuesday": 0.0, "wednesday": 0.0, "thursday": 0.0, "friday": 0.0, "saturday": 0.0, "sunday": 0.0, "start_date": "2017-06-29", "end_date": "2018-06-29"}, {"service_id": "0000000000000000000u", "monday": 1.0, "tuesday": 1.0, "wednesday": 1.0, "thursday": 1.0, "friday": 1.0, "saturday": 1.0, "sunday": 1.0, "start_date": "2017-06-30", "end_date": "2018-06-30"}, {"service_id": "00000000000000000008", "monday": 3.0, "tuesday": 3.0, "wednesday": 3.0, "thursday": 3.0, "friday": 3.0, "saturday": 3.0, "sunday": 3.0, "start_date": "2017-06-29", "end_date": "2018-06-29"}, {"service_id": "0000000000000000000h", "monday": 2.0, "tuesday": 2.0, "wednesday": 2.0, "thursday": 2.0, "friday": 2.0, "saturday": 2.0, "sunday": 2.0, "start_date": "2017-06-30", "end_date": "2018-06-30"}, {"service_id": "0000000000000000000i", "monday": 0.0, "tuesday": 0.0, "wednesday": 0.0, "thursday": 0.0, "friday": 0.0, "saturday": 0.0, "sunday": 0.0, "start_date": "2017-06-29", "end_date": "2018-06-29"}, {"service_id": "0000000000000000000p", "monday": 1.0, "tuesday": 1.0, "wednesday": 1.0, "thursday": 1.0, "friday": 1.0, "saturday": 1.0, "sunday": 1.0, "start_date": "2017-06-30", "end_date": "2018-06-30"}, {"service_id": "0000000000000000000d", "monday": 3.0, "tuesday": 3.0, "wednesday": 3.0, "thursday": 3.0, "friday": 3.0, "saturday": 3.0, "sunday": 3.0, "start_date": "2017-06-29", "end_date": "2018-06-29"}, {"service_id": "0000000000000000000v", "monday": 2.0, "tuesday": 2.0, "wednesday": 2.0, "thursday": 2.0, "friday": 2.0, "saturday": 2.0, "sunday": 2.0, "start_date": "2017-06-30", "end_date": "2018-06-30"}, {"service_id": "0000000000000000000f", "monday": 0.0, "tuesday": 0.0, "wednesday": 0.0, "thursday": 0.0, "friday": 0.0, "saturday": 0.0, "sunday": 0.0, "start_date": "2017-06-29", "end_date": "2018-06-29"}, {"service_id": "00000000000000000004", "monday": 1.0, "tuesday": 1.0, "wednesday": 1.0, "thursday": 1.0, "friday": 1.0, "saturday": 1.0, "sunday": 1.0, "start_date": "2017-06-30", "end_date": "2018-06-30"}, {"service_id": "0000000000000000000s", "monday": 3.0, "tuesday": 3.0, "wednesday": 3.0, "thursday": 3.0, "friday": 3.0, "saturday": 3.0, "sunday": 3.0, "start_date": "2017-06-29", "end_date": "2018-06-29"}, {"service_id": "00000000000000000009", "monday": 2.0, "tuesday": 2.0, "wednesday": 2.0, "thursday": 2.0, "friday": 2.0, "saturday": 2.0, "sunday": 2.0, "start_date": "2017-06-30", "end_date": "2018-06-30"}, {"service_id": "00000000000000000011", "monday": 0.0, "tuesday": 0.0, "wednesday": 0.0, "thursday": 0.0, "friday": 0.0, "saturday": 0.0, "sunday": 0.0, "start_date": "2017-06-29", "end_date": "2018-06-29"}, {"service_id": "00000000000000000002", "monday": 1.0, "tuesday": 1.0, "wednesday": 1.0, "thursday": 1.0, "friday": 1.0, "saturday": 1.0, "sunday": 1.0, "start_date": "2017-06-30", "end_date": "2018-06-30"}, {"service_id": "0000000000000000000e", "monday": 3.0, "tuesday": 3.0, "wednesday": 3.0, "thursday": 3.0, "friday": 3.0, "saturday": 3.0, "sunday": 3.0, "start_date": "2017-06-29", "end_date": "2018-06-29"}, {"service_id": "0000000000000000001c", "monday": 2.0, "tuesday": 2.0, "wednesday": 2.0, "thursday": 2.0, "friday": 2.0, "saturday": 2.0, "sunday": 2.0, "start_date": "2017-06-30", "end_date": "2018-06-30"}, {"service_id": "0000000000000000000x", "monday": 0.0, "tuesday": 0.0, "wednesday": 0.0, "thursday": 0.0, "friday": 0.0, "saturday": 0.0, "sunday": 0.0, "start_date": "2017-06-29", "end_date": "2018-06-29"}, {"service_id": "0000000000000000000t", "monday": 1.0, "tuesday": 1.0, "wednesday": 1.0, "thursday": 1.0, "friday": 1.0, "saturday": 1.0, "sunday": 1.0, "start_date": "2017-06-30", "end_date": "2018-06-30"}, {"service_id": "00000000000000000001", "monday": 3.0, "tuesday": 3.0, "wednesday": 3.0, "thursday": 3.0, "friday": 3.0, "saturday": 3.0, "sunday": 3.0, "start_date": "2017-06-29", "end_date": "2018-06-29"}, {"service_id": "00000000000000000007", "monday": 2.0, "tuesday": 2.0, "wednesday": 2.0, "thursday": 2.0, "friday": 2.0, "saturday": 2.0, "sunday": 2.0, "start_date": "2017-06-30", "end_date": "2018-06-30"}]