<?xml version="1.0" encoding="UTF-8"?>
<Category>
	<Record>
		<service_id>0000000000000000000o</service_id>
		<date>2017-02-23</date>
		<exception_type>0</exception_type>
	</Record>
	<Record>
		<service_id>0000000000000000000k</service_id>
		<date>2017-02-14</date>
		<exception_type>1</exception_type>
	</Record>
	<Record>
		<service_id>0000000000000000000c</service_id>
		<date>2017-02-15</date>
		<exception_type>0</exception_type>
	</Record>
	<Record>
		<service_id>0000000000000000000a</service_id>
		<date>2017-01-29</date>
		<exception_type>1</exception_type>
	</Record>
	<Record>
		<service_id>00000000000000000006</service_id>
		<date>2017-03-13</date>
		<exception_type>0</exception_type>
	</Record>
	<Record>
		<service_id>00000000000000000005</service_id>
		<date>2017-03-11</date>
		<exception_type>1</exception_type>
	</Record>
	<Record>
		<service_id>00000000000000000003</service_id>
		<date>2017-02-25</date>
		<exception_type>0</exception_type>
	</Record>
	<Record>
		<service_id>0000000000000000000l</service_id>
		<date>2017-02-28</date>
		<exception_type>1</exception_type>
	</Record>
	<Record>
		<service_id>0000000000000000000j</service_id>
		<date>2017-01-25</date>
		<exception_type>0</exception_type>
	</Record>
	<Record>
		<service_id>0000000000000000000m</service_id>
		<date>2017-02-13</date>
		<exception_type>1</exception_type>
	</Record>
	<Record>
		<service_id>0000000000000000000n</service_id>
		<date>2017-02-19</date>
		<exception_type>0</exception_type>
	</Record>
	<Record>
		<service_id>0000000000000000000g</service_id>
		<date>2017-01-17</date>
		<exception_type>1</exception_type>
	</Record>
	<Record>
		<service_id>0000000000000000000b</service_id>
		<date>2017-02-01</date>
		<exception_type>0</exception_type>
	</Record>
	<Record>
		<service_id>00000000000000000008</service_id>
		<date>2017-01-15</date>
		<exception_type>1</exception_type>
	</Record>
	<Record>
		<service_id>0000000000000000000h</service_id>
		<date>2017-03-16</date>
		<exception_type>0</exception_type>
	</Record>
	<Record>
		<service_id>0000000000000000000i</service_id>
		<date>2017-01-11</date>
		<exception_type>1</exception_type>
	</Record>
	<Record>
		<service_id>0000000000000000000p</service_id>
		<date>2017-02-16</date>
		<exception_type>0</exception_type>
	</Record>
	<Record>
		<service_id>0000000000000000000d</service_id>
		<date>2017-02-12</date>
		<exception_type>1</exception_type>
	</Record>
	<Record>
		<service_id>0000000000000000000f</service_id>
		<date>2017-03-10</date>
		<exception_type>0</exception_type>
	</Record>
	<Record>
		<service_id>00000000000000000004</service_id>
		<date>2017-02-18</date>
		<exception_type>1</exception_type>
	</Record>
	<Record>
		<service_id>00000000000000000009</service_id>
		<date>2017-01-10</date>
		<exception_type>0</exception_type>
	</Record>
	<Record>
		<service_id>00000000000000000002</service_id>
		<date>2017-02-09</date>
		<exception_type>1</exception_type>
	</Record>
	<Record>
		<service_id>0000000000000000000e</service_id>
		<date>2017-02-17</date>
		<exception_type>0</exception_type>
	</Record>
	<Record>
		<service_id>00000000000000000001</service_id>
		<date>2017-01-08</date>
		<exception_type>1</exception_type>
	</Record>
	<Record>
		<service_id>00000000000000000007</service_id>
		<date>2017-01-26</date>
		<exception_type>0</exception_type>
	</Record>
	<Record>
		<service_id>0000000000000000000o</service_id>
		<date>2017-02-20</date>
		<exception_type>1</exception_type>
	</Record>
	<Record>
		<service_id>0000000000000000000k</service_id>
		<date>2017-01-24</date>
		<exception_type>0</exception_type>
	</Record>
	<Record>
		<service_id>0000000000000000000c</service_id>
		<date>2017-02-06</date>
		<exception_type>1</exception_type>
	</Record>
	<Record>
		<service_id>0000000000000000000a</service_id>
		<date>2017-01-27</date>
		<exception_type>0</exception_type>
	</Record>
	<Record>
		<service_id>00000000000000000006</service_id>
		<date>2017-02-27</date>
		<exception_type>1</exception_type>
	</Record>
	<Record>
		<service_id>00000000000000000005</service_id>
		<date>2017-03-14</date>
		<exception_type>0</exception_type>
	</Record>
	<Record>
		<service_id>00000000000000000003</service_id>
		<date>2017-02-26</date>
		<exception_type>1</exception_type>
	</Record>
	<Record>
		<service_id>0000000000000000000l</service_id>
		<date>2017-03-07</date>
		<exception_type>0</exception_type>
	</Record>
	<Record>
		<service_id>0000000000000000000j</service_id>
		<date>2017-01-28</date>
		<exception_type>1</exception_type>
	</Record>
	<Record>
		<service_id>0000000000000000000m</service_id>
		<date>2017-03-06</date>
		<exception_type>0</exception_type>
	</Record>
	<Record>
		<service_id>0000000000000000000n</service_id>
		<date>2017-01-21</date>
		<exception_type>1</exception_type>
	</Record>
	<Record>
		<service_id>0000000000000000000g</service_id>
		<date>2017-01-16</date>
		<exception_type>0</exception_type>
	</Record>
	<Record>
		<service_id>0000000000000000000b</service_id>
		<date>2017-02-08</date>
		<exception_type>1</exception_type>
	</Record>
	<Record>
		<service_id>00000000000000000008</service_id>
		<date>2017-02-10</date>
		<exception_type>0</exception_type>
	</Record>
	<Record>
		<service_id>0000000000000000000h</service_id>
		<date>2017-02-24</date>
		<exception_type>1</exception_type>
	</Record>
	<Record>
		<service_id>0000000000000000000i</service_id>
		<date>2017-02-21</date>
		<exception_type>0</exception_type>
	</Record>
	<Record>
		<service_id>0000000000000000000p</service_id>
		<date>2017-01-31</date>
		<exception_type>1</exception_type>
	</Record>
	<Record>
		<service_id>0000000000000000000d</service_id>
		<date>2017-03-08</date>
		<exception_type>0</exception_type>
	</Record>
	<Record>
		<service_id>0000000000000000000f</service_id>
		<date>2017-02-04</date>
		<exception_type>1</exception_type>
	</Record>
	<Record>
		<service_id>00000000000000000004</service_id>
		<date>2017-01-13</date>
		<exception_type>0</exception_type>
	</Record>
	<Record>
		<service_id>00000000000000000009</service_id>
		<date>2017-03-02</date>
		<exception_type>1</exception_type>
	</Record>
	<Record>
		<service_id>00000000000000000002</service_id>
		<date>2017-01-22</date>
		<exception_type>0</exception_type>
	</Record>
	<Record>
		<service_id>0000000000000000000e</service_id>
		<date>2017-01-23</date>
		<exception_type>1</exception_type>
	</Record>
	<Record>
		<service_id>00000000000000000001</service_id>
		<date>2017-01-30</date>
		<exception_type>0</exception_type>
	</Record>
	<Record>
		<service_id>00000000000000000007</service_id>
		<date>2017-01-18</date>
		<exception_type>1</exception_type>
	</Record>
	<Record>
		<service_id>0000000000000000000o</service_id>
		<date>2017-02-05</date>
		<exception_type>0</exception_type>
	</Record>
	<Record>
		<service_id>0000000000000000000k</service_id>
		<date>2017-01-20</date>
		<exception_type>1</exception_type>
	</Record>
	<Record>
		<service_id>0000000000000000000c</service_id>
		<date>2017-01-09</date>
		<exception_type>0</exception_type>
	</Record>
	<Record>
		<service_id>0000000000000000000a</service_id>
		<date>2017-02-02</date>
		<exception_type>1</exception_type>
	</Record>
	<Record>
		<service_id>00000000000000000006</service_id>
		<date>2017-03-05</date>
		<exception_type>0</exception_type>
	</Record>
	<Record>
		<service_id>00000000000000000005</service_id>
		<date>2017-01-14</date>
		<exception_type>1</exception_type>
	</Record>
	<Record>
		<service_id>00000000000000000003</service_id>
		<date>2017-03-09</date>
		<exception_type>0</exception_type>
	</Record>
	<Record>
		<service_id>0000000000000000000l</service_id>
		<date>2017-02-11</date>
		<exception_type>1</exception_type>
	</Record>
	<Record>
		<service_id>0000000000000000000j</service_id>
		<date>2017-03-03</date>
		<exception_type>0</exception_type>
	</Record>
	<Record>
		<service_id>0000000000000000000m</service_id>
		<date>2017-03-12</date>
		<exception_type>1</exception_type>
	</Record>
	<Record>
		<service_id>0000000000000000000n</service_id>
		<date>2017-03-04</date>
		<exception_type>0</exception_type>
	</Record>
	<Record>
		<service_id>0000000000000000000g</service_id>
		<date>2017-01-07</date>
		<exception_type>1</exception_type>
	</Record>
	<Record>
		<service_id>0000000000000000000b</service_id>
		<date>2017-01-19</date>
		<exception_type>0</exception_type>
	</Record>
	<Record>
		<service_id>00000000000000000008</service_id>
		<date>2017-03-01</date>
		<exception_type>1</exception_type>
	</Record>
	<Record>
		<service_id>0000000000000000000h</service_id>
		<date>2017-03-15</date>
		<exception_type>0</exception_type>
	</Record>
	<Record>
		<service_id>0000000000000000000i</service_id>
		<date>2017-02-22</date>
		<exception_type>1</exception_type>
	</Record>
	<Record>
		<service_id>0000000000000000000p</service_id>
		<date>2017-02-07</date>
		<exception_type>0</exception_type>
	</Record>
	<Record>
		<service_id>0000000000000000000d</service_id>
		<date>2017-02-03</date>
		<exception_type>1</exception_type>
	</Record>
	<Record>
		<service_id>0000000000000000000f</service_id>
		<date>2017-01-06</date>
		<exception_type>0</exception_type>
	</Record>
	<Record>
		<service_id>00000000000000000004</service_id>
		<date>2017-01-12</date>
		<exception_type>1</exception_type>
	</Record>
	<Record>
		<service_id>00000000000000000009</service_id>
		<date>2017-02-23</date>
		<exception_type>0</exception_type>
	</Record>
	<Record>
		<service_id>00000000000000000002</service_id>
		<date>2017-02-14</date>
		<exception_type>1</exception_type>
	</Record>
	<Record>
		<service_id>0000000000000000000e</service_id>
		<date>2017-02-15</date>
		<exception_type>0</exception_type>
	</Record>
	<Record>
		<service_id>00000000000000000001</service_id>
		<date>2017-01-29</date>
		<exception_type>1</exception_type>
	</Record>
	<Record>
		<service_id>00000000000000000007</service_id>
		<date>2017-03-13</date>
		<exception_type>0</exception_type>
	</Record>
	<Record>
		<service_id>0000000000000000000o</service_id>
		<date>2017-03-11</date>
		<exception_type>1</exception_type>
	</Record>
	<Record>
		<service_id>0000000000000000000k</service_id>
		<date>2017-02-25</date>
		<exception_type>0</exception_type>
	</Record>
	<Record>
		<service_id>0000000000000000000c</service_id>
		<date>2017-02-28</date>
		<exception_type>1</exception_type>
	</Record>
	<Record>
		<service_id>0000000000000000000a</service_id>
		<date>2017-01-25</date>
		<exception_type>0</exception_type>
	</Record>
	<Record>
		<service_id>00000000000000000006</service_id>
		<date>2017-02-13</date>
		<exception_type>1</exception_type>
	</Record>
	<Record>
		<service_id>00000000000000000005</service_id>
		<date>2017-02-19</date>
		<exception_type>0</exception_type>
	</Record>
	<Record>
		<service_id>00000000000000000003</service_id>
		<date>2017-01-17</date>
		<exception_type>1</exception_type>
	</Record>
	<Record>
		<service_id>0000000000000000000l</service_id>
		<date>2017-02-01</date>
		<exception_type>0</exception_type>
	</Record>
	<Record>
		<service_id>0000000000000000000j</service_id>
		<date>2017-01-15</date>
		<exception_type>1</exception_type>
	</Record>
	<Record>
		<service_id>0000000000000000000m</service_id>
		<date>2017-03-16</date>
		<exception_type>0</exception_type>
	</Record>
	<Record>
		<service_id>0000000000000000000n</service_id>
		<date>2017-01-11</date>
		<exception_type>1</exception_type>
	</Record>
	<Record>
		<service_id>0000000000000000000g</service_id>
		<date>2017-02-16</date>
		<exception_type>0</exception_type>
	</Record>
	<Record>
		<service_id>0000000000000000000b</service_id>
		<date>2017-02-12</date>
		<exception_type>1</exception_type>
	</Record>
	<Record>
		<service_id>00000000000000000008</service_id>
		<date>2017-03-10</date>
		<exception_type>0</exception_type>
	</Record>
	<Record>
		<service_id>0000000000000000000h</service_id>
		<date>2017-02-18</date>
		<exception_type>1</exception_type>
	</Record>
	<Record>
		<service_id>0000000000000000000i</service_id>
		<date>2017-01-10</date>
		<exception_type>0</exception_type>
	</Record>
	<Record>
		<service_id>0000000000000000000p</service_id>
		<date>2017-02-09</date>
		<exception_type>1</exception_type>
	</Record>
	<Record>
		<service_id>0000000000000000000d</service_id>
		<date>2017-02-17</date>
		<exception_type>0</exception_type>
	</Record>
	<Record>
		<service_id>0000000000000000000f</service_id>
		<date>2017-01-08</date>
		<exception_type>1</exception_type>
	</Record>
	<Record>
		<service_id>00000000000000000004</service_id>
		<date>2017-01-26</date>
		<exception_type>0</exception_type>
	</Record>
	<Record>
		<service_id>00000000000000000009</service_id>
		<date>2017-02-20</date>
		<exception_type>1</exception_type>
	</Record>
	<Record>
		<service_id>00000000000000000002</service_id>
		<date>2017-01-24</date>
		<exception_type>0</exception_type>
	</Record>
	<Record>
		<service_id>0000000000000000000e</service_id>
		<date>2017-02-06</date>
		<exception_type>1</exception_type>
	</Record>
	<Record>
		<service_id>00000000000000000001</service_id>
		<date>2017-01-27</date>
		<exception_type>0</exception_type>
	</Record>
	<Record>
		<service_id>00000000000000000007</service_id>
		<date>2017-02-27</date>
		<exception_type>1</exception_type>
	</Record>
	<Record>
		<service_id>0000000000000000000o</service_id>
		<date>2017-03-14</date>
		<exception_type>0</exception_type>
	</Record>
	<Record>
		<service_id>0000000000000000000k</service_id>
		<date>2017-02-26</date>
		<exception_type>1</exception_type>
	</Record>
	<Record>
		<service_id>0000000000000000000c</service_id>
		<date>2017-03-07</date>
		<exception_type>0</exception_type>
	</Record>
	<Record>
		<service_id>0000000000000000000a</service_id>
		<date>2017-01-28</date>
		<exception_type>1</exception_type>
	</Record>
	<Record>
		<service_id>00000000000000000006</service_id>
		<date>2017-03-06</date>
		<exception_type>0</exception_type>
	</Record>
	<Record>
		<service_id>00000000000000000005</service_id>
		<date>2017-01-21</date>
		<exception_type>1</exception_type>
	</Record>
	<Record>
		<service_id>00000000000000000003</service_id>
		<date>2017-01-16</date>
		<exception_type>0</exception_type>
	</Record>
	<Record>
		<service_id>0000000000000000000l</service_id>
		<date>2017-02-08</date>
		<exception_type>1</exception_type>
	</Record>
	<Record>
		<service_id>0000000000000000000j</service_id>
		<date>2017-02-10</date>
		<exception_type>0</exception_type>
	</Record>
	<Record>
		<service_id>0000000000000000000m</service_id>
		<date>2017-02-24</date>
		<exception_type>1</exception_type>
	</Record>
	<Record>
		<service_id>0000000000000000000n</service_id>
		<date>2017-02-21</date>
		<exception_type>0</exception_type>
	</Record>
	<Record>
		<service_id>0000000000000000000g</service_id>
		<date>2017-01-31</date>
		<exception_type>1</exception_type>
	</Record>
	<Record>
		<service_id>0000000000000000000b</service_id>
		<date>2017-03-08</date>
		<exception_type>0</exception_type>
	</Record>
	<Record>
		<service_id>00000000000000000008</service_id>
		<date>2017-02-04</date>
		<exception_type>1</exception_type>
	</Record>
	<Record>
		<service_id>0000000000000000000h</service_id>
		<date>2017-01-13</date>
		<exception_type>0</exception_type>
	</Record>
	<Record>
		<service_id>0000000000000000000i</service_id>
		<date>2017-03-02</date>
		<exception_type>1</exception_type>
	</Record>
	<Record>
		<service_id>0000000000000000000p</service_id>
		<date>2017-01-22</date>
		<exception_type>0</exception_type>
	</Record>
	<Record>
		<service_id>0000000000000000000d</service_id>
		<date>2017-01-23</date>
		<exception_type>1</exception_type>
	</Record>
	<Record>
		<service_id>0000000000000000000f</service_id>
		<date>2017-01-30</date>
		<exception_type>0</exception_type>
	</Record>
	<Record>
		<service_id>00000000000000000004</service_id>
		<date>2017-01-18</date>
		<exception_type>1</exception_type>
	</Record>
	<Record>
		<service_id>00000000000000000009</service_id>
		<date>2017-02-05</date>
		<exception_type>0</exception_type>
	</Record>
	<Record>
		<service_id>00000000000000000002</service_id>
		<date>2017-01-20</date>
		<exception_type>1</exception_type>
	</Record>
	<Record>
		<service_id>0000000000000000000e</service_id>
		<date>2017-01-09</date>
		<exception_type>0</exception_type>
	</Record>
	<Record>
		<service_id>00000000000000000001</service_id>
		<date>2017-02-02</date>
		<exception_type>1</exception_type>
	</Record>
	<Record>
		<service_id>00000000000000000007</service_id>
		<date>2017-03-05</date>
		<exception_type>0</exception_type>
	</Record>
	<Record>
		<service_id>0000000000000000000o</service_id>
		<date>2017-01-14</date>
		<exception_type>1</exception_type>
	</Record>
	<Record>
		<service_id>0000000000000000000k</service_id>
		<date>2017-03-09</date>
		<exception_type>0</exception_type>
	</Record>
	<Record>
		<service_id>0000000000000000000c</service_id>
		<date>2017-02-11</date>
		<exception_type>1</exception_type>
	</Record>
	<Record>
		<service_id>0000000000000000000a</service_id>
		<date>2017-03-03</date>
		<exception_type>0</exception_type>
	</Record>
	<Record>
		<service_id>00000000000000000006</service_id>
		<date>2017-03-12</date>
		<exception_type>1</exception_type>
	</Record>
	<Record>
		<service_id>00000000000000000005</service_id>
		<date>2017-03-04</date>
		<exception_type>0</exception_type>
	</Record>
	<Record>
		<service_id>00000000000000000003</service_id>
		<date>2017-01-07</date>
		<exception_type>1</exception_type>
	</Record>
	<Record>
		<service_id>0000000000000000000l</service_id>
		<date>2017-01-19</date>
		<exception_type>0</exception_type>
	</Record>
	<Record>
		<service_id>0000000000000000000j</service_id>
		<date>2017-03-01</date>
		<exception_type>1</exception_type>
	</Record>
	<Record>
		<service_id>0000000000000000000m</service_id>
		<date>2017-03-15</date>
		<exception_type>0</exception_type>
	</Record>
	<Record>
		<service_id>0000000000000000000n</service_id>
		<date>2017-02-22</date>
		<exception_type>1</exception_type>
	</Record>
	<Record>
		<service_id>0000000000000000000g</service_id>
		<date>2017-02-07</date>
		<exception_type>0</exception_type>
	</Record>
	<Record>
		<service_id>0000000000000000000b</service_id>
		<date>2017-02-03</date>
		<exception_type>1</exception_type>
	</Record>
	<Record>
		<service_id>00000000000000000008</service_id>
		<date>2017-01-06</date>
		<exception_type>0</exception_type>
	</Record>
	<Record>
		<service_id>0000000000000000000h</service_id>
		<date>2017-01-12</date>
		<exception_type>1</exception_type>
	</Record>
	<Record>
		<service_id>0000000000000000000i</service_id>
		<date>2017-02-23</date>
		<exception_type>0</exception_type>
	</Record>
	<Record>
		<service_id>0000000000000000000p</service_id>
		<date>2017-02-14</date>
		<exception_type>1</exception_type>
	</Record>
	<Record>
		<service_id>0000000000000000000d</service_id>
		<date>2017-02-15</date>
		<exception_type>0</exception_type>
	</Record>
	<Record>
		<service_id>0000000000000000000f</service_id>
		<date>2017-01-29</date>
		<exception_type>1</exception_type>
	</Record>
	<Record>
		<service_id>00000000000000000004</service_id>
		<date>2017-03-13</date>
		<exception_type>0</exception_type>
	</Record>
	<Record>
		<service_id>00000000000000000009</service_id>
		<date>2017-03-11</date>
		<exception_type>1</exception_type>
	</Record>
	<Record>
		<service_id>00000000000000000002</service_id>
		<date>2017-02-25</date>
		<exception_type>0</exception_type>
	</Record>
	<Record>
		<service_id>0000000000000000000e</service_id>
		<date>2017-02-28</date>
		<exception_type>1</exception_type>
	</Record>
	<Record>
		<service_id>00000000000000000001</service_id>
		<date>2017-01-25</date>
		<exception_type>0</exception_type>
	</Record>
	<Record>
		<service_id>00000000000000000007</service_id>
		<date>2017-02-13</date>
		<exception_type>1</exception_type>
	</Record>
	<Record>
		<service_id>0000000000000000000o</service_id>
		<date>2017-02-19</date>
		<exception_type>0</exception_type>
	</Record>
	<Record>
		<service_id>0000000000000000000k</service_id>
		<date>2017-01-17</date>
		<exception_type>1</exception_type>
	</Record>
	<Record>
		<service_id>0000000000000000000c</service_id>
		<date>2017-02-01</date>
		<exception_type>0</exception_type>
	</Record>
	<Record>
		<service_id>0000000000000000000a</service_id>
		<date>2017-01-15</date>
		<exception_type>1</exception_type>
	</Record>
	<Record>
		<service_id>00000000000000000006</service_id>
		<date>2017-03-16</date>
		<exception_type>0</exception_type>
	</Record>
	<Record>
		<service_id>00000000000000000005</service_id>
		<date>2017-01-11</date>
		<exception_type>1</exception_type>
	</Record>
	<Record>
		<service_id>00000000000000000003</service_id>
		<date>2017-02-16</date>
		<exception_type>0</exception_type>
	</Record>
	<Record>
		<service_id>0000000000000000000l</service_id>
		<date>2017-02-12</date>
		<exception_type>1</exception_type>
	</Record>
	<Record>
		<service_id>0000000000000000000j</service_id>
		<date>2017-03-10</date>
		<exception_type>0</exception_type>
	</Record>
	<Record>
		<service_id>0000000000000000000m</service_id>
		<date>2017-02-18</date>
		<exception_type>1</exception_type>
	</Record>
	<Record>
		<service_id>0000000000000000000n</service_id>
		<date>2017-01-10</date>
		<exception_type>0</exception_type>
	</Record>
	<Record>
		<service_id>0000000000000000000g</service_id>
		<date>2017-02-09</date>
		<exception_type>1</exception_type>
	</Record>
	<Record>
		<service_id>0000000000000000000b</service_id>
		<date>2017-02-17</date>
		<exception_type>0</exception_type>
	</Record>
	<Record>
		<service_id>00000000000000000008</service_id>
		<date>2017-01-08</date>
		<exception_type>1</exception_type>
	</Record>
	<Record>
		<service_id>0000000000000000000h</service_id>
		<date>2017-01-26</date>
		<exception_type>0</exception_type>
	</Record>
	<Record>
		<service_id>0000000000000000000i</service_id>
		<date>2017-02-20</date>
		<exception_type>1</exception_type>
	</Record>
	<Record>
		<service_id>0000000000000000000p</service_id>
		<date>2017-01-24</date>
		<exception_type>0</exception_type>
	</Record>
	<Record>
		<service_id>0000000000000000000d</service_id>
		<date>2017-02-06</date>
		<exception_type>1</exception_type>
	</Record>
	<Record>
		<service_id>0000000000000000000f</service_id>
		<date>2017-01-27</date>
		<exception_type>0</exception_type>
	</Record>
	<Record>
		<service_id>00000000000000000004</service_id>
		<date>2017-02-27</date>
		<exception_type>1</exception_type>
	</Record>
	<Record>
		<service_id>00000000000000000009</service_id>
		<date>2017-03-14</date>
		<exception_type>0</exception_type>
	</Record>
	<Record>
		<service_id>00000000000000000002</service_id>
		<date>2017-02-26</date>
		<exception_type>1</exception_type>
	</Record>
	<Record>
		<service_id>0000000000000000000e</service_id>
		<date>2017-03-07</date>
		<exception_type>0</exception_type>
	</Record>
	<Record>
		<service_id>00000000000000000001</service_id>
		<date>2017-01-28</date>
		<exception_type>1</exception_type>
	</Record>
	<Record>
		<service_id>00000000000000000007</service_id>
		<date>2017-03-06</date>
		<exception_type>0</exception_type>
	</Record>
	<Record>
		<service_id>0000000000000000000o</service_id>
		<date>2017-01-21</date>
		<exception_type>1</exception_type>
	</Record>
	<Record>
		<service_id>0000000000000000000k</service_id>
		<date>2017-01-16</date>
		<exception_type>0</exception_type>
	</Record>
	<Record>
		<service_id>0000000000000000000c</service_id>
		<date>2017-02-08</date>
		<exception_type>1</exception_type>
	</Record>
	<Record>
		<service_id>0000000000000000000a</service_id>
		<date>2017-02-10</date>
		<exception_type>0</exception_type>
	</Record>
	<Record>
		<service_id>00000000000000000006</service_id>
		<date>2017-02-24</date>
		<exception_type>1</exception_type>
	</Record>
	<Record>
		<service_id>00000000000000000005</service_id>
		<date>2017-02-21</date>
		<exception_type>0</exception_type>
	</Record>
	<Record>
		<service_id>00000000000000000003</service_id>
		<date>2017-01-31</date>
		<exception_type>1</exception_type>
	</Record>
	<Record>
		<service_id>0000000000000000000l</service_id>
		<date>2017-03-08</date>
		<exception_type>0</exception_type>
	</Record>
	<Record>
		<service_id>0000000000000000000j</service_id>
		<date>2017-02-04</date>
		<exception_type>1</exception_type>
	</Record>
	<Record>
		<service_id>0000000000000000000m</service_id>
		<date>2017-01-13</date>
		<exception_type>0</exception_type>
	</Record>
	<Record>
		<service_id>0000000000000000000n</service_id>
		<date>2017-03-02</date>
		<exception_type>1</exception_type>
	</Record>
	<Record>
		<service_id>0000000000000000000g</service_id>
		<date>2017-01-22</date>
		<exception_type>0</exception_type>
	</Record>
	<Record>
		<service_id>0000000000000000000b</service_id>
		<date>2017-01-23</date>
		<exception_type>1</exception_type>
	</Record>
	<Record>
		<service_id>00000000000000000008</service_id>
		<date>2017-01-30</date>
		<exception_type>0</exception_type>
	</Record>
	<Record>
		<service_id>0000000000000000000h</service_id>
		<date>2017-01-18</date>
		<exception_type>1</exception_type>
	</Record>
	<Record>
		<service_id>0000000000000000000i</service_id>
		<date>2017-02-05</date>
		<exception_type>0</exception_type>
	</Record>
	<Record>
		<service_id>0000000000000000000p</service_id>
		<date>2017-01-20</date>
		<exception_type>1</exception_type>
	</Record>
	<Record>
		<service_id>0000000000000000000d</service_id>
		<date>2017-01-09</date>
		<exception_type>0</exception_type>
	</Record>
	<Record>
		<service_id>0000000000000000000f</service_id>
		<date>2017-02-02</date>
		<exception_type>1</exception_type>
	</Record>
	<Record>
		<service_id>00000000000000000004</service_id>
		<date>2017-03-05</date>
		<exception_type>0</exception_type>
	</Record>
	<Record>
		<service_id>00000000000000000009</service_id>
		<date>2017-01-14</date>
		<exception_type>1</exception_type>
	</Record>
	<Record>
		<service_id>00000000000000000002</service_id>
		<date>2017-03-09</date>
		<exception_type>0</exception_type>
	</Record>
	<Record>
		<service_id>0000000000000000000e</service_id>
		<date>2017-02-11</date>
		<exception_type>1</exception_type>
	</Record>
	<Record>
		<service_id>00000000000000000001</service_id>
		<date>2017-03-03</date>
		<exception_type>0</exception_type>
	</Record>
	<Record>
		<service_id>00000000000000000007</service_id>
		<date>2017-03-12</date>
		<exception_type>1</exception_type>
	</Record>
	<Record>
		<service_id>0000000000000000000o</service_id>
		<date>2017-03-04</date>
		<exception_type>0</exception_type>
	</Record>
	<Record>
		<service_id>0000000000000000000k</service_id>
		<date>2017-01-07</date>
		<exception_type>1</exception_type>
	</Record>
	<Record>
		<service_id>0000000000000000000c</service_id>
		<date>2017-01-19</date>
		<exception_type>0</exception_type>
	</Record>
	<Record>
		<service_id>0000000000000000000a</service_id>
		<date>2017-03-01</date>
		<exception_type>1</exception_type>
	</Record>
	<Record>
		<service_id>00000000000000000006</service_id>
		<date>2017-03-15</date>
		<exception_type>0</exception_type>
	</Record>
	<Record>
		<service_id>00000000000000000005</service_id>
		<date>2017-02-22</date>
		<exception_type>1</exception_type>
	</Record>
	<Record>
		<service_id>00000000000000000003</service_id>
		<date>2017-02-07</date>
		<exception_type>0</exception_type>
	</Record>
	<Record>
		<service_id>0000000000000000000l</service_id>
		<date>2017-02-03</date>
		<exception_type>1</exception_type>
	</Record>
	<Record>
		<service_id>0000000000000000000j</service_id>
		<date>2017-01-06</date>
		<exception_type>0</exception_type>
	</Record>
	<Record>
		<service_id>0000000000000000000m</service_id>
		<date>2017-01-12</date>
		<exception_type>1</exception_type>
	</Record>
	<Record>
		<service_id>0000000000000000000n</service_id>
		<date>2017-02-23</date>
		<exception_type>0</exception_type>
	</Record>
	<Record>
		<service_id>0000000000000000000g</service_id>
		<date>2017-02-14</date>
		<exception_type>1</exception_type>
	</Record>
	<Record>
		<service_id>0000000000000000000b</service_id>
		<date>2017-02-15</date>
		<exception_type>0</exception_type>
	</Record>
	<Record>
		<service_id>00000000000000000008</service_id>
		<date>2017-01-29</date>
		<exception_type>1</exception_type>
	</Record>
	<Record>
		<service_id>0000000000000000000h</service_id>
		<date>2017-03-13</date>
		<exception_type>0</exception_type>
	</Record>
	<Record>
		<service_id>0000000000000000000i</service_id>
		<date>2017-03-11</date>
		<exception_type>1</exception_type>
	</Record>
	<Record>
		<service_id>0000000000000000000p</service_id>
		<date>2017-02-25</date>
		<exception_type>0</exception_type>
	</Record>
	<Record>
		<service_id>0000000000000000000d</service_id>
		<date>2017-02-28</date>
		<exception_type>1</exception_type>
	</Record>
	<Record>
		<service_id>0000000000000000000f</service_id>
		<date>2017-01-25</date>
		<exception_type>0</exception_type>
	</Record>
	<Record>
		<service_id>00000000000000000004</service_id>
		<date>2017-02-13</date>
		<exception_type>1</exception_type>
	</Record>
	<Record>
		<service_id>00000000000000000009</service_id>
		<date>2017-02-19</date>
		<exception_type>0</exception_type>
	</Record>
	<Record>
		<service_id>00000000000000000002</service_id>
		<date>2017-01-17</date>
		<exception_type>1</exception_type>
	</Record>
	<Record>
		<service_id>0000000000000000000e</service_id>
		<date>2017-02-01</date>
		<exception_type>0</exception_type>
	</Record>
	<Record>
		<service_id>00000000000000000001</service_id>
		<date>2017-01-15</date>
		<exception_type>1</exception_type>
	</Record>
	<Record>
		<service_id>00000000000000000007</service_id>
		<date>2017-03-16</date>
		<exception_type>0</exception_type>
	</Record>
	<Record>
		<service_id>0000000000000000000o</service_id>
		<date>2017-01-11</date>
		<exception_type>1</exception_type>
	</Record>
	<Record>
		<service_id>0000000000000000000k</service_id>
		<date>2017-02-16</date>
		<exception_type>0</exception_type>
	</Record>
	<Record>
		<service_id>0000000000000000000c</service_id>
		<date>2017-02-12</date>
		<exception_type>1</exception_type>
	</Record>
	<Record>
		<service_id>0000000000000000000a</service_id>
		<date>2017-03-10</date>
		<exception_type>0</exception_type>
	</Record>
	<Record>
		<service_id>00000000000000000006</service_id>
		<date>2017-02-18</date>
		<exception_type>1</exception_type>
	</Record>
	<Record>
		<service_id>00000000000000000005</service_id>
		<date>2017-01-10</date>
		<exception_type>0</exception_type>
	</Record>
	<Record>
		<service_id>00000000000000000003</service_id>
		<date>2017-02-09</date>
		<exception_type>1</exception_type>
	</Record>
	<Record>
		<service_id>0000000000000000000l</service_id>
		<date>2017-02-17</date>
		<exception_type>0</exception_type>
	</Record>
	<Record>
		<service_id>0000000000000000000j</service_id>
		<date>2017-01-08</date>
		<exception_type>1</exception_type>
	</Record>
	<Record>
		<service_id>0000000000000000000m</service_id>
		<date>2017-01-26</date>
		<exception_type>0</exception_type>
	</Record>
	<Record>
		<service_id>0000000000000000000n</service_id>
		<date>2017-02-20</date>
		<exception_type>1</exception_type>
	</Record>
	<Record>
		<service_id>0000000000000000000g</service_id>
		<date>2017-01-24</date>
		<exception_type>0</exception_type>
	</Record>
	<Record>
		<service_id>0000000000000000000b</service_id>
		<date>2017-02-06</date>
		<exception_type>1</exception_type>
	</Record>
	<Record>
		<service_id>00000000000000000008</service_id>
		<date>2017-01-27</date>
		<exception_type>0</exception_type>
	</Record>
	<Record>
		<service_id>0000000000000000000h</service_id>
		<date>2017-02-27</date>
		<exception_type>1</exception_type>
	</Record>
	<Record>
		<service_id>0000000000000000000i</service_id>
		<date>2017-03-14</date>
		<exception_type>0</exception_type>
	</Record>
	<Record>
		<service_id>0000000000000000000p</service_id>
		<date>2017-02-26</date>
		<exception_type>1</exception_type>
	</Record>
	<Record>
		<service_id>0000000000000000000d</service_id>
		<date>2017-03-07</date>
		<exception_type>0</exception_type>
	</Record>
	<Record>
		<service_id>0000000000000000000f</service_id>
		<date>2017-01-28</date>
		<exception_type>1</exception_type>
	</Record>
	<Record>
		<service_id>00000000000000000004</service_id>
		<date>2017-03-06</date>
		<exception_type>0</exception_type>
	</Record>
	<Record>
		<service_id>00000000000000000009</service_id>
		<date>2017-01-21</date>
		<exception_type>1</exception_type>
	</Record>
	<Record>
		<service_id>00000000000000000002</service_id>
		<date>2017-01-16</date>
		<exception_type>0</exception_type>
	</Record>
	<Record>
		<service_id>0000000000000000000e</service_id>
		<date>2017-02-08</date>
		<exception_type>1</exception_type>
	</Record>
	<Record>
		<service_id>00000000000000000001</service_id>
		<date>2017-02-10</date>
		<exception_type>0</exception_type>
	</Record>
	<Record>
		<service_id>00000000000000000007</service_id>
		<date>2017-02-24</date>
		<exception_type>1</exception_type>
	</Record>
	<Record>
		<service_id>0000000000000000000o</service_id>
		<date>2017-02-21</date>
		<exception_type>0</exception_type>
	</Record>
	<Record>
		<service_id>0000000000000000000k</service_id>
		<date>2017-01-31</date>
		<exception_type>1</exception_type>
	</Record>
	<Record>
		<service_id>0000000000000000000c</service_id>
		<date>2017-03-08</date>
		<exception_type>0</exception_type>
	</Record>
	<Record>
		<service_id>0000000000000000000a</service_id>
		<date>2017-02-04</date>
		<exception_type>1</exception_type>
	</Record>
	<Record>
		<service_id>00000000000000000006</service_id>
		<date>2017-01-13</date>
		<exception_type>0</exception_type>
	</Record>
	<Record>
		<service_id>00000000000000000005</service_id>
		<date>2017-03-02</date>
		<exception_type>1</exception_type>
	</Record>
	<Record>
		<service_id>00000000000000000003</service_id>
		<date>2017-01-22</date>
		<exception_type>0</exception_type>
	</Record>
	<Record>
		<service_id>0000000000000000000l</service_id>
		<date>2017-01-23</date>
		<exception_type>1</exception_type>
	</Record>
	<Record>
		<service_id>0000000000000000000j</service_id>
		<date>2017-01-30</date>
		<exception_type>0</exception_type>
	</Record>
	<Record>
		<service_id>0000000000000000000m</service_id>
		<date>2017-01-18</date>
		<exception_type>1</exception_type>
	</Record>
	<Record>
		<service_id>0000000000000000000n</service_id>
		<date>2017-02-05</date>
		<exception_type>0</exception_type>
	</Record>
	<Record>
		<service_id>0000000000000000000g</service_id>
		<date>2017-01-20</date>
		<exception_type>1</exception_type>
	</Record>
	<Record>
		<service_id>0000000000000000000b</service_id>
		<date>2017-01-09</date>
		<exception_type>0</exception_type>
	</Record>
	<Record>
		<service_id>00000000000000000008</service_id>
		<date>2017-02-02</date>
		<exception_type>1</exception_type>
	</Record>
	<Record>
		<service_id>0000000000000000000h</service_id>
		<date>2017-03-05</date>
		<exception_type>0</exception_type>
	</Record>
	<Record>
		<service_id>0000000000000000000i</service_id>
		<date>2017-01-14</date>
		<exception_type>1</exception_type>
	</Record>
	<Record>
		<service_id>0000000000000000000p</service_id>
		<date>2017-03-09</date>
		<exception_type>0</exception_type>
	</Record>
	<Record>
		<service_id>0000000000000000000d</service_id>
		<date>2017-02-11</date>
		<exception_type>1</exception_type>
	</Record>
	<Record>
		<service_id>0000000000000000000f</service_id>
		<date>2017-03-03</date>
		<exception_type>0</exception_type>
	</Record>
	<Record>
		<service_id>00000000000000000004</service_id>
		<date>2017-03-12</date>
		<exception_type>1</exception_type>
	</Record>
	<Record>
		<service_id>00000000000000000009</service_id>
		<date>2017-03-04</date>
		<exception_type>0</exception_type>
	</Record>
	<Record>
		<service_id>00000000000000000002</service_id>
		<date>2017-01-07</date>
		<exception_type>1</exception_type>
	</Record>
	<Record>
		<service_id>0000000000000000000e</service_id>
		<date>2017-01-19</date>
		<exception_type>0</exception_type>
	</Record>
	<Record>
		<service_id>00000000000000000001</service_id>
		<date>2017-03-01</date>
		<exception_type>1</exception_type>
	</Record>
	<Record>
		<service_id>00000000000000000007</service_id>
		<date>2017-03-15</date>
		<exception_type>0</exception_type>
	</Record>
	<Record>
		<service_id>0000000000000000000o</service_id>
		<date>2017-02-22</date>
		<exception_type>1</exception_type>
	</Record>
	<Record>
		<service_id>0000000000000000000k</service_id>
		<date>2017-02-07</date>
		<exception_type>0</exception_type>
	</Record>
	<Record>
		<service_id>0000000000000000000c</service_id>
		<date>2017-02-03</date>
		<exception_type>1</exception_type>
	</Record>
	<Record>
		<service_id>0000000000000000000a</service_id>
		<date>2017-01-06</date>
		<exception_type>0</exception_type>
	</Record>
	<Record>
		<service_id>00000000000000000006</service_id>
		<date>2017-01-12</date>
		<exception_type>1</exception_type>
	</Record>
	<Record>
		<service_id>00000000000000000005</service_id>
		<date>2017-02-23</date>
		<exception_type>0</exception_type>
	</Record>
	<Record>
		<service_id>00000000000000000003</service_id>
		<date>2017-02-14</date>
		<exception_type>1</exception_type>
	</Record>
	<Record>
		<service_id>0000000000000000000l</service_id>
		<date>2017-02-15</date>
		<exception_type>0</exception_type>
	</Record>
	<Record>
		<service_id>0000000000000000000j</service_id>
		<date>2017-01-29</date>
		<exception_type>1</exception_type>
	</Record>
	<Record>
		<service_id>0000000000000000000m</service_id>
		<date>2017-03-13</date>
		<exception_type>0</exception_type>
	</Record>
	<Record>
		<service_id>0000000000000000000n</service_id>
		<date>2017-03-11</date>
		<exception_type>1</exception_type>
	</Record>
	<Record>
		<service_id>0000000000000000000g</service_id>
		<date>2017-02-25</date>
		<exception_type>0</exception_type>
	</Record>
	<Record>
		<service_id>0000000000000000000b</service_id>
		<date>2017-02-28</date>
		<exception_type>1</exception_type>
	</Record>
	<Record>
		<service_id>00000000000000000008</service_id>
		<date>2017-01-25</date>
		<exception_type>0</exception_type>
	</Record>
	<Record>
		<service_id>0000000000000000000h</service_id>
		<date>2017-02-13</date>
		<exception_type>1</exception_type>
	</Record>
	<Record>
		<service_id>0000000000000000000i</service_id>
		<date>2017-02-19</date>
		<exception_type>0</exception_type>
	</Record>
	<Record>
		<service_id>0000000000000000000p</service_id>
		<date>2017-01-17</date>
		<exception_type>1</exception_type>
	</Record>
	<Record>
		<service_id>0000000000000000000d</service_id>
		<date>2017-02-01</date>
		<exception_type>0</exception_type>
	</Record>
	<Record>
		<service_id>0000000000000000000f</service_id>
		<date>2017-01-15</date>
		<exception_type>1</exception_type>
	</Record>
	<Record>
		<service_id>00000000000000000004</service_id>
		<date>2017-03-16</date>
		<exception_type>0</exception_type>
	</Record>
	<Record>
		<service_id>00000000000000000009</service_id>
		<date>2017-01-11</date>
		<exception_type>1</exception_type>
	</Record>
	<Record>
		<service_id>00000000000000000002</service_id>
		<date>2017-02-16</date>
		<exception_type>0</exception_type>
	</Record>
	<Record>
		<service_id>0000000000000000000e</service_id>
		<date>2017-02-12</date>
		<exception_type>1</exception_type>
	</Record>
	<Record>
		<service_id>00000000000000000001</service_id>
		<date>2017-03-10</date>
		<exception_type>0</exception_type>
	</Record>
	<Record>
		<service_id>00000000000000000007</service_id>
		<date>2017-02-18</date>
		<exception_type>1</exception_type>
	</Record>
	<Record>
		<service_id>0000000000000000000o</service_id>
		<date>2017-01-10</date>
		<exception_type>0</exception_type>
	</Record>
	<Record>
		<service_id>0000000000000000000k</service_id>
		<date>2017-02-09</date>
		<exception_type>1</exception_type>
	</Record>
	<Record>
		<service_id>0000000000000000000c</service_id>
		<date>2017-02-17</date>
		<exception_type>0</exception_type>
	</Record>
	<Record>
		<service_id>0000000000000000000a</service_id>
		<date>2017-01-08</date>
		<exception_type>1</exception_type>
	</Record>
	<Record>
		<service_id>00000000000000000006</service_id>
		<date>2017-01-26</date>
		<exception_type>0</exception_type>
	</Record>
	<Record>
		<service_id>00000000000000000005</service_id>
		<date>2017-02-20</date>
		<exception_type>1</exception_type>
	</Record>
	<Record>
		<service_id>00000000000000000003</service_id>
		<date>2017-01-24</date>
		<exception_type>0</exception_type>
	</Record>
	<Record>
		<service_id>0000000000000000000l</service_id>
		<date>2017-02-06</date>
		<exception_type>1</exception_type>
	</Record>
	<Record>
		<service_id>0000000000000000000j</service_id>
		<date>2017-01-27</date>
		<exception_type>0</exception_type>
	</Record>
	<Record>
		<service_id>0000000000000000000m</service_id>
		<date>2017-02-27</date>
		<exception_type>1</exception_type>
	</Record>
	<Record>
		<service_id>0000000000000000000n</service_id>
		<date>2017-03-14</date>
		<exception_type>0</exception_type>
	</Record>
	<Record>
		<service_id>0000000000000000000g</service_id>
		<date>2017-02-26</date>
		<exception_type>1</exception_type>
	</Record>
	<Record>
		<service_id>0000000000000000000b</service_id>
		<date>2017-03-07</date>
		<exception_type>0</exception_type>
	</Record>
	<Record>
		<service_id>00000000000000000008</service_id>
		<date>2017-01-28</date>
		<exception_type>1</exception_type>
	</Record>
	<Record>
		<service_id>0000000000000000000h</service_id>
		<date>2017-03-06</date>
		<exception_type>0</exception_type>
	</Record>
	<Record>
		<service_id>0000000000000000000i</service_id>
		<date>2017-01-21</date>
		<exception_type>1</exception_type>
	</Record>
	<Record>
		<service_id>0000000000000000000p</service_id>
		<date>2017-01-16</date>
		<exception_type>0</exception_type>
	</Record>
	<Record>
		<service_id>0000000000000000000d</service_id>
		<date>2017-02-08</date>
		<exception_type>1</exception_type>
	</Record>
	<Record>
		<service_id>0000000000000000000f</service_id>
		<date>2017-02-10</date>
		<exception_type>0</exception_type>
	</Record>
	<Record>
		<service_id>00000000000000000004</service_id>
		<date>2017-02-24</date>
		<exception_type>1</exception_type>
	</Record>
	<Record>
		<service_id>00000000000000000009</service_id>
		<date>2017-02-21</date>
		<exception_type>0</exception_type>
	</Record>
	<Record>
		<service_id>00000000000000000002</service_id>
		<date>2017-01-31</date>
		<exception_type>1</exception_type>
	</Record>
	<Record>
		<service_id>0000000000000000000e</service_id>
		<date>2017-03-08</date>
		<exception_type>0</exception_type>
	</Record>
	<Record>
		<service_id>00000000000000000001</service_id>
		<date>2017-02-04</date>
		<exception_type>1</exception_type>
	</Record>
	<Record>
		<service_id>00000000000000000007</service_id>
		<date>2017-01-13</date>
		<exception_type>0</exception_type>
	</Record>
	<Record>
		<service_id>0000000000000000000o</service_id>
		<date>2017-03-02</date>
		<exception_type>1</exception_type>
	</Record>
	<Record>
		<service_id>0000000000000000000k</service_id>
		<date>2017-01-22</date>
		<exception_type>0</exception_type>
	</Record>
	<Record>
		<service_id>0000000000000000000c</service_id>
		<date>2017-01-23</date>
		<exception_type>1</exception_type>
	</Record>
	<Record>
		<service_id>0000000000000000000a</service_id>
		<date>2017-01-30</date>
		<exception_type>0</exception_type>
	</Record>
	<Record>
		<service_id>00000000000000000006</service_id>
		<date>2017-01-18</date>
		<exception_type>1</exception_type>
	</Record>
	<Record>
		<service_id>00000000000000000005</service_id>
		<date>2017-02-05</date>
		<exception_type>0</exception_type>
	</Record>
	<Record>
		<service_id>00000000000000000003</service_id>
		<date>2017-01-20</date>
		<exception_type>1</exception_type>
	</Record>
	<Record>
		<service_id>0000000000000000000l</service_id>
		<date>2017-01-09</date>
		<exception_type>0</exception_type>
	</Record>
	<Record>
		<service_id>0000000000000000000j</service_id>
		<date>2017-02-02</date>
		<exception_type>1</exception_type>
	</Record>
	<Record>
		<service_id>0000000000000000000m</service_id>
		<date>2017-03-05</date>
		<exception_type>0</exception_type>
	</Record>
	<Record>
		<service_id>0000000000000000000n</service_id>
		<date>2017-01-14</date>
		<exception_type>1</exception_type>
	</Record>
	<Record>
		<service_id>0000000000000000000g</service_id>
		<date>2017-03-09</date>
		<exception_type>0</exception_type>
	</Record>
	<Record>
		<service_id>0000000000000000000b</service_id>
		<date>2017-02-11</date>
		<exception_type>1</exception_type>
	</Record>
	<Record>
		<service_id>00000000000000000008</service_id>
		<date>2017-03-03</date>
		<exception_type>0</exception_type>
	</Record>
	<Record>
		<service_id>0000000000000000000h</service_id>
		<date>2017-03-12</date>
		<exception_type>1</exception_type>
	</Record>
	<Record>
		<service_id>0000000000000000000i</service_id>
		<date>2017-03-04</date>
		<exception_type>0</exception_type>
	</Record>
	<Record>
		<service_id>0000000000000000000p</service_id>
		<date>2017-01-07</date>
		<exception_type>1</exception_type>
	</Record>
	<Record>
		<service_id>0000000000000000000d</service_id>
		<date>2017-01-19</date>
		<exception_type>0</exception_type>
	</Record>
	<Record>
		<service_id>0000000000000000000f</service_id>
		<date>2017-03-01</date>
		<exception_type>1</exception_type>
	</Record>
	<Record>
		<service_id>00000000000000000004</service_id>
		<date>2017-03-15</date>
		<exception_type>0</exception_type>
	</Record>
	<Record>
		<service_id>00000000000000000009</service_id>
		<date>2017-02-22</date>
		<exception_type>1</exception_type>
	</Record>
	<Record>
		<service_id>00000000000000000002</service_id>
		<date>2017-02-07</date>
		<exception_type>0</exception_type>
	</Record>
	<Record>
		<service_id>0000000000000000000e</service_id>
		<date>2017-02-03</date>
		<exception_type>1</exception_type>
	</Record>
	<Record>
		<service_id>00000000000000000001</service_id>
		<date>2017-01-06</date>
		<exception_type>0</exception_type>
	</Record>
	<Record>
		<service_id>00000000000000000007</service_id>
		<date>2017-01-12</date>
		<exception_type>1</exception_type>
	</Record>
</Category>