<?xml version="1.0" encoding="UTF-8"?>
<Category>
	<Record>
		<feed_publisher_name>00000000000000000004</feed_publisher_name>
		<feed_publisher_url>00000000000000000004</feed_publisher_url>
		<feed_lang>00000000000000000004</feed_lang>
		<feed_start_date>1970-01-05</feed_start_date>
		<feed_end_date>1970-01-05</feed_end_date>
		<feed_version>00000000000000000004</feed_version>
	</Record>
	<Record>
		<feed_publisher_name>00000000000000000005</feed_publisher_name>
		<feed_publisher_url>00000000000000000005</feed_publisher_url>
		<feed_lang>00000000000000000005</feed_lang>
		<feed_start_date>1970-01-06</feed_start_date>
		<feed_end_date>1970-01-06</feed_end_date>
		<feed_version>00000000000000000005</feed_version>
	</Record>
	<Record>
		<feed_publisher_name>00000000000000000003</feed_publisher_name>
		<feed_publisher_url>00000000000000000003</feed_publisher_url>
		<feed_lang>00000000000000000003</feed_lang>
		<feed_start_date>1970-01-04</feed_start_date>
		<feed_end_date>1970-01-04</feed_end_date>
		<feed_version>00000000000000000003</feed_version>
	</Record>
	<Record>
		<feed_publisher_name>00000000000000000001</feed_publisher_name>
		<feed_publisher_url>00000000000000000001</feed_publisher_url>
		<feed_lang>00000000000000000001</feed_lang>
		<feed_start_date>1970-01-02</feed_start_date>
		<feed_end_date>1970-01-02</feed_end_date>
		<feed_version>00000000000000000001</feed_version>
	</Record>
	<Record>
		<feed_publisher_name>00000000000000000002</feed_publisher_name>
		<feed_publisher_url>00000000000000000002</feed_publisher_url>
		<feed_lang>00000000000000000002</feed_lang>
		<feed_start_date>1970-01-03</feed_start_date>
		<feed_end_date>1970-01-03</feed_end_date>
		<feed_version>00000000000000000002</feed_version>
	</Record>
</Category>