[{"service_id": "0000000000000000000o", "date": "2017-02-23", "exception_type": false}, {"service_id": "0000000000000000000k", "date": "2017-02-14", "exception_type": true}, {"service_id": "0000000000000000000c", "date": "2017-02-15", "exception_type": false}, {"service_id": "0000000000000000000a", "date": "2017-01-29", "exception_type": true}, {"service_id": "00000000000000000006", "date": "2017-03-13", "exception_type": false}, {"service_id": "00000000000000000005", "date": "2017-03-11", "exception_type": true}, {"service_id": "00000000000000000003", "date": "2017-02-25", "exception_type": false}, {"service_id": "0000000000000000000l", "date": "2017-02-28", "exception_type": true}, {"service_id": "0000000000000000000j", "date": "2017-01-25", "exception_type": false}, {"service_id": "0000000000000000000m", "date": "2017-02-13", "exception_type": true}, {"service_id": "0000000000000000000n", "date": "2017-02-19", "exception_type": false}, {"service_id": "0000000000000000000g", "date": "2017-01-17", "exception_type": true}, {"service_id": "0000000000000000000b", "date": "2017-02-01", "exception_type": false}, {"service_id": "00000000000000000008", "date": "2017-01-15", "exception_type": true}, {"service_id": "0000000000000000000h", "date": "2017-03-16", "exception_type": false}, {"service_id": "0000000000000000000i", "date": "2017-01-11", "exception_type": true}, {"service_id": "0000000000000000000p", "date": "2017-02-16", "exception_type": false}, {"service_id": "0000000000000000000d", "date": "2017-02-12", "exception_type": true}, {"service_id": "0000000000000000000f", "date": "2017-03-10", "exception_type": false}, {"service_id": "00000000000000000004", "date": "2017-02-18", "exception_type": true}, {"service_id": "00000000000000000009", "date": "2017-01-10", "exception_type": false}, {"service_id": "00000000000000000002", "date": "2017-02-09", "exception_type": true}, {"service_id": "0000000000000000000e", "date": "2017-02-17", "exception_type": false}, {"service_id": "00000000000000000001", "date": "2017-01-08", "exception_type": true}, {"service_id": "00000000000000000007", "date": "2017-01-26", "exception_type": false}, {"service_id": "0000000000000000000o", "date": "2017-02-20", "exception_type": true}, {"service_id": "0000000000000000000k", "date": "2017-01-24", "exception_type": false}, {"service_id": "0000000000000000000c", "date": "2017-02-06", "exception_type": true}, {"service_id": "0000000000000000000a", "date": "2017-01-27", "exception_type": false}, {"service_id": "00000000000000000006", "date": "2017-02-27", "exception_type": true}, {"service_id": "00000000000000000005", "date": "2017-03-14", "exception_type": false}, {"service_id": "00000000000000000003", "date": "2017-02-26", "exception_type": true}, {"service_id": "0000000000000000000l", "date": "2017-03-07", "exception_type": false}, {"service_id": "0000000000000000000j", "date": "2017-01-28", "exception_type": true}, {"service_id": "0000000000000000000m", "date": "2017-03-06", "exception_type": false}, {"service_id": "0000000000000000000n", "date": "2017-01-21", "exception_type": true}, {"service_id": "0000000000000000000g", "date": "2017-01-16", "exception_type": false}, {"service_id": "0000000000000000000b", "date": "2017-02-08", "exception_type": true}, {"service_id": "00000000000000000008", "date": "2017-02-10", "exception_type": false}, {"service_id": "0000000000000000000h", "date": "2017-02-24", "exception_type": true}, {"service_id": "0000000000000000000i", "date": "2017-02-21", "exception_type": false}, {"service_id": "0000000000000000000p", "date": "2017-01-31", "exception_type": true}, {"service_id": "0000000000000000000d", "date": "2017-03-08", "exception_type": false}, {"service_id": "0000000000000000000f", "date": "2017-02-04", "exception_type": true}, {"service_id": "00000000000000000004", "date": "2017-01-13", "exception_type": false}, {"service_id": "00000000000000000009", "date": "2017-03-02", "exception_type": true}, {"service_id": "00000000000000000002", "date": "2017-01-22", "exception_type": false}, {"service_id": "0000000000000000000e", "date": "2017-01-23", "exception_type": true}, {"service_id": "00000000000000000001", "date": "2017-01-30", "exception_type": false}, {"service_id": "00000000000000000007", "date": "2017-01-18", "exception_type": true}, {"service_id": "0000000000000000000o", "date": "2017-02-05", "exception_type": false}, {"service_id": "0000000000000000000k", "date": "2017-01-20", "exception_type": true}, {"service_id": "0000000000000000000c", "date": "2017-01-09", "exception_type": false}, {"service_id": "0000000000000000000a", "date": "2017-02-02", "exception_type": true}, {"service_id": "00000000000000000006", "date": "2017-03-05", "exception_type": false}, {"service_id": "00000000000000000005", "date": "2017-01-14", "exception_type": true}, {"service_id": "00000000000000000003", "date": "2017-03-09", "exception_type": false}, {"service_id": "0000000000000000000l", "date": "2017-02-11", "exception_type": true}, {"service_id": "0000000000000000000j", "date": "2017-03-03", "exception_type": false}, {"service_id": "0000000000000000000m", "date": "2017-03-12", "exception_type": true}, {"service_id": "0000000000000000000n", "date": "2017-03-04", "exception_type": false}, {"service_id": "0000000000000000000g", "date": "2017-01-07", "exception_type": true}, {"service_id": "0000000000000000000b", "date": "2017-01-19", "exception_type": false}, {"service_id": "00000000000000000008", "date": "2017-03-01", "exception_type": true}, {"service_id": "0000000000000000000h", "date": "2017-03-15", "exception_type": false}, {"service_id": "0000000000000000000i", "date": "2017-02-22", "exception_type": true}, {"service_id": "0000000000000000000p", "date": "2017-02-07", "exception_type": false}, {"service_id": "0000000000000000000d", "date": "2017-02-03", "exception_type": true}, {"service_id": "0000000000000000000f", "date": "2017-01-06", "exception_type": false}, {"service_id": "00000000000000000004", "date": "2017-01-12", "exception_type": true}, {"service_id": "00000000000000000009", "date": "2017-02-23", "exception_type": false}, {"service_id": "00000000000000000002", "date": "2017-02-14", "exception_type": true}, {"service_id": "0000000000000000000e", "date": "2017-02-15", "exception_type": false}, {"service_id": "00000000000000000001", "date": "2017-01-29", "exception_type": true}, {"service_id": "00000000000000000007", "date": "2017-03-13", "exception_type": false}, {"service_id": "0000000000000000000o", "date": "2017-03-11", "exception_type": true}, {"service_id": "0000000000000000000k", "date": "2017-02-25", "exception_type": false}, {"service_id": "0000000000000000000c", "date": "2017-02-28", "exception_type": true}, {"service_id": "0000000000000000000a", "date": "2017-01-25", "exception_type": false}, {"service_id": "00000000000000000006", "date": "2017-02-13", "exception_type": true}, {"service_id": "00000000000000000005", "date": "2017-02-19", "exception_type": false}, {"service_id": "00000000000000000003", "date": "2017-01-17", "exception_type": true}, {"service_id": "0000000000000000000l", "date": "2017-02-01", "exception_type": false}, {"service_id": "0000000000000000000j", "date": "2017-01-15", "exception_type": true}, {"service_id": "0000000000000000000m", "date": "2017-03-16", "exception_type": false}, {"service_id": "0000000000000000000n", "date": "2017-01-11", "exception_type": true}, {"service_id": "0000000000000000000g", "date": "2017-02-16", "exception_type": false}, {"service_id": "0000000000000000000b", "date": "2017-02-12", "exception_type": true}, {"service_id": "00000000000000000008", "date": "2017-03-10", "exception_type": false}, {"service_id": "0000000000000000000h", "date": "2017-02-18", "exception_type": true}, {"service_id": "0000000000000000000i", "date": "2017-01-10", "exception_type": false}, {"service_id": "0000000000000000000p", "date": "2017-02-09", "exception_type": true}, {"service_id": "0000000000000000000d", "date": "2017-02-17", "exception_type": false}, {"service_id": "0000000000000000000f", "date": "2017-01-08", "exception_type": true}, {"service_id": "00000000000000000004", "date": "2017-01-26", "exception_type": false}, {"service_id": "00000000000000000009", "date": "2017-02-20", "exception_type": true}, {"service_id": "00000000000000000002", "date": "2017-01-24", "exception_type": false}, {"service_id": "0000000000000000000e", "date": "2017-02-06", "exception_type": true}, {"service_id": "00000000000000000001", "date": "2017-01-27", "exception_type": false}, {"service_id": "00000000000000000007", "date": "2017-02-27", "exception_type": true}, {"service_id": "0000000000000000000o", "date": "2017-03-14", "exception_type": false}, {"service_id": "0000000000000000000k", "date": "2017-02-26", "exception_type": true}, {"service_id": "0000000000000000000c", "date": "2017-03-07", "exception_type": false}, {"service_id": "0000000000000000000a", "date": "2017-01-28", "exception_type": true}, {"service_id": "00000000000000000006", "date": "2017-03-06", "exception_type": false}, {"service_id": "00000000000000000005", "date": "2017-01-21", "exception_type": true}, {"service_id": "00000000000000000003", "date": "2017-01-16", "exception_type": false}, {"service_id": "0000000000000000000l", "date": "2017-02-08", "exception_type": true}, {"service_id": "0000000000000000000j", "date": "2017-02-10", "exception_type": false}, {"service_id": "0000000000000000000m", "date": "2017-02-24", "exception_type": true}, {"service_id": "0000000000000000000n", "date": "2017-02-21", "exception_type": false}, {"service_id": "0000000000000000000g", "date": "2017-01-31", "exception_type": true}, {"service_id": "0000000000000000000b", "date": "2017-03-08", "exception_type": false}, {"service_id": "00000000000000000008", "date": "2017-02-04", "exception_type": true}, {"service_id": "0000000000000000000h", "date": "2017-01-13", "exception_type": false}, {"service_id": "0000000000000000000i", "date": "2017-03-02", "exception_type": true}, {"service_id": "0000000000000000000p", "date": "2017-01-22", "exception_type": false}, {"service_id": "0000000000000000000d", "date": "2017-01-23", "exception_type": true}, {"service_id": "0000000000000000000f", "date": "2017-01-30", "exception_type": false}, {"service_id": "00000000000000000004", "date": "2017-01-18", "exception_type": true}, {"service_id": "00000000000000000009", "date": "2017-02-05", "exception_type": false}, {"service_id": "00000000000000000002", "date": "2017-01-20", "exception_type": true}, {"service_id": "0000000000000000000e", "date": "2017-01-09", "exception_type": false}, {"service_id": "00000000000000000001", "date": "2017-02-02", "exception_type": true}, {"service_id": "00000000000000000007", "date": "2017-03-05", "exception_type": false}, {"service_id": "0000000000000000000o", "date": "2017-01-14", "exception_type": true}, {"service_id": "0000000000000000000k", "date": "2017-03-09", "exception_type": false}, {"service_id": "0000000000000000000c", "date": "2017-02-11", "exception_type": true}, {"service_id": "0000000000000000000a", "date": "2017-03-03", "exception_type": false}, {"service_id": "00000000000000000006", "date": "2017-03-12", "exception_type": true}, {"service_id": "00000000000000000005", "date": "2017-03-04", "exception_type": false}, {"service_id": "00000000000000000003", "date": "2017-01-07", "exception_type": true}, {"service_id": "0000000000000000000l", "date": "2017-01-19", "exception_type": false}, {"service_id": "0000000000000000000j", "date": "2017-03-01", "exception_type": true}, {"service_id": "0000000000000000000m", "date": "2017-03-15", "exception_type": false}, {"service_id": "0000000000000000000n", "date": "2017-02-22", "exception_type": true}, {"service_id": "0000000000000000000g", "date": "2017-02-07", "exception_type": false}, {"service_id": "0000000000000000000b", "date": "2017-02-03", "exception_type": true}, {"service_id": "00000000000000000008", "date": "2017-01-06", "exception_type": false}, {"service_id": "0000000000000000000h", "date": "2017-01-12", "exception_type": true}, {"service_id": "0000000000000000000i", "date": "2017-02-23", "exception_type": false}, {"service_id": "0000000000000000000p", "date": "2017-02-14", "exception_type": true}, {"service_id": "0000000000000000000d", "date": "2017-02-15", "exception_type": false}, {"service_id": "0000000000000000000f", "date": "2017-01-29", "exception_type": true}, {"service_id": "00000000000000000004", "date": "2017-03-13", "exception_type": false}, {"service_id": "00000000000000000009", "date": "2017-03-11", "exception_type": true}, {"service_id": "00000000000000000002", "date": "2017-02-25", "exception_type": false}, {"service_id": "0000000000000000000e", "date": "2017-02-28", "exception_type": true}, {"service_id": "00000000000000000001", "date": "2017-01-25", "exception_type": false}, {"service_id": "00000000000000000007", "date": "2017-02-13", "exception_type": true}, {"service_id": "0000000000000000000o", "date": "2017-02-19", "exception_type": false}, {"service_id": "0000000000000000000k", "date": "2017-01-17", "exception_type": true}, {"service_id": "0000000000000000000c", "date": "2017-02-01", "exception_type": false}, {"service_id": "0000000000000000000a", "date": "2017-01-15", "exception_type": true}, {"service_id": "00000000000000000006", "date": "2017-03-16", "exception_type": false}, {"service_id": "00000000000000000005", "date": "2017-01-11", "exception_type": true}, {"service_id": "00000000000000000003", "date": "2017-02-16", "exception_type": false}, {"service_id": "0000000000000000000l", "date": "2017-02-12", "exception_type": true}, {"service_id": "0000000000000000000j", "date": "2017-03-10", "exception_type": false}, {"service_id": "0000000000000000000m", "date": "2017-02-18", "exception_type": true}, {"service_id": "0000000000000000000n", "date": "2017-01-10", "exception_type": false}, {"service_id": "0000000000000000000g", "date": "2017-02-09", "exception_type": true}, {"service_id": "0000000000000000000b", "date": "2017-02-17", "exception_type": false}, {"service_id": "00000000000000000008", "date": "2017-01-08", "exception_type": true}, {"service_id": "0000000000000000000h", "date": "2017-01-26", "exception_type": false}, {"service_id": "0000000000000000000i", "date": "2017-02-20", "exception_type": true}, {"service_id": "0000000000000000000p", "date": "2017-01-24", "exception_type": false}, {"service_id": "0000000000000000000d", "date": "2017-02-06", "exception_type": true}, {"service_id": "0000000000000000000f", "date": "2017-01-27", "exception_type": false}, {"service_id": "00000000000000000004", "date": "2017-02-27", "exception_type": true}, {"service_id": "00000000000000000009", "date": "2017-03-14", "exception_type": false}, {"service_id": "00000000000000000002", "date": "2017-02-26", "exception_type": true}, {"service_id": "0000000000000000000e", "date": "2017-03-07", "exception_type": false}, {"service_id": "00000000000000000001", "date": "2017-01-28", "exception_type": true}, {"service_id": "00000000000000000007", "date": "2017-03-06", "exception_type": false}, {"service_id": "0000000000000000000o", "date": "2017-01-21", "exception_type": true}, {"service_id": "0000000000000000000k", "date": "2017-01-16", "exception_type": false}, {"service_id": "0000000000000000000c", "date": "2017-02-08", "exception_type": true}, {"service_id": "0000000000000000000a", "date": "2017-02-10", "exception_type": false}, {"service_id": "00000000000000000006", "date": "2017-02-24", "exception_type": true}, {"service_id": "00000000000000000005", "date": "2017-02-21", "exception_type": false}, {"service_id": "00000000000000000003", "date": "2017-01-31", "exception_type": true}, {"service_id": "0000000000000000000l", "date": "2017-03-08", "exception_type": false}, {"service_id": "0000000000000000000j", "date": "2017-02-04", "exception_type": true}, {"service_id": "0000000000000000000m", "date": "2017-01-13", "exception_type": false}, {"service_id": "0000000000000000000n", "date": "2017-03-02", "exception_type": true}, {"service_id": "0000000000000000000g", "date": "2017-01-22", "exception_type": false}, {"service_id": "0000000000000000000b", "date": "2017-01-23", "exception_type": true}, {"service_id": "00000000000000000008", "date": "2017-01-30", "exception_type": false}, {"service_id": "0000000000000000000h", "date": "2017-01-18", "exception_type": true}, {"service_id": "0000000000000000000i", "date": "2017-02-05", "exception_type": false}, {"service_id": "0000000000000000000p", "date": "2017-01-20", "exception_type": true}, {"service_id": "0000000000000000000d", "date": "2017-01-09", "exception_type": false}, {"service_id": "0000000000000000000f", "date": "2017-02-02", "exception_type": true}, {"service_id": "00000000000000000004", "date": "2017-03-05", "exception_type": false}, {"service_id": "00000000000000000009", "date": "2017-01-14", "exception_type": true}, {"service_id": "00000000000000000002", "date": "2017-03-09", "exception_type": false}, {"service_id": "0000000000000000000e", "date": "2017-02-11", "exception_type": true}, {"service_id": "00000000000000000001", "date": "2017-03-03", "exception_type": false}, {"service_id": "00000000000000000007", "date": "2017-03-12", "exception_type": true}, {"service_id": "0000000000000000000o", "date": "2017-03-04", "exception_type": false}, {"service_id": "0000000000000000000k", "date": "2017-01-07", "exception_type": true}, {"service_id": "0000000000000000000c", "date": "2017-01-19", "exception_type": false}, {"service_id": "0000000000000000000a", "date": "2017-03-01", "exception_type": true}, {"service_id": "00000000000000000006", "date": "2017-03-15", "exception_type": false}, {"service_id": "00000000000000000005", "date": "2017-02-22", "exception_type": true}, {"service_id": "00000000000000000003", "date": "2017-02-07", "exception_type": false}, {"service_id": "0000000000000000000l", "date": "2017-02-03", "exception_type": true}, {"service_id": "0000000000000000000j", "date": "2017-01-06", "exception_type": false}, {"service_id": "0000000000000000000m", "date": "2017-01-12", "exception_type": true}, {"service_id": "0000000000000000000n", "date": "2017-02-23", "exception_type": false}, {"service_id": "0000000000000000000g", "date": "2017-02-14", "exception_type": true}, {"service_id": "0000000000000000000b", "date": "2017-02-15", "exception_type": false}, {"service_id": "00000000000000000008", "date": "2017-01-29", "exception_type": true}, {"service_id": "0000000000000000000h", "date": "2017-03-13", "exception_type": false}, {"service_id": "0000000000000000000i", "date": "2017-03-11", "exception_type": true}, {"service_id": "0000000000000000000p", "date": "2017-02-25", "exception_type": false}, {"service_id": "0000000000000000000d", "date": "2017-02-28", "exception_type": true}, {"service_id": "0000000000000000000f", "date": "2017-01-25", "exception_type": false}, {"service_id": "00000000000000000004", "date": "2017-02-13", "exception_type": true}, {"service_id": "00000000000000000009", "date": "2017-02-19", "exception_type": false}, {"service_id": "00000000000000000002", "date": "2017-01-17", "exception_type": true}, {"service_id": "0000000000000000000e", "date": "2017-02-01", "exception_type": false}, {"service_id": "00000000000000000001", "date": "2017-01-15", "exception_type": true}, {"service_id": "00000000000000000007", "date": "2017-03-16", "exception_type": false}, {"service_id": "0000000000000000000o", "date": "2017-01-11", "exception_type": true}, {"service_id": "0000000000000000000k", "date": "2017-02-16", "exception_type": false}, {"service_id": "0000000000000000000c", "date": "2017-02-12", "exception_type": true}, {"service_id": "0000000000000000000a", "date": "2017-03-10", "exception_type": false}, {"service_id": "00000000000000000006", "date": "2017-02-18", "exception_type": true}, {"service_id": "00000000000000000005", "date": "2017-01-10", "exception_type": false}, {"service_id": "00000000000000000003", "date": "2017-02-09", "exception_type": true}, {"service_id": "0000000000000000000l", "date": "2017-02-17", "exception_type": false}, {"service_id": "0000000000000000000j", "date": "2017-01-08", "exception_type": true}, {"service_id": "0000000000000000000m", "date": "2017-01-26", "exception_type": false}, {"service_id": "0000000000000000000n", "date": "2017-02-20", "exception_type": true}, {"service_id": "0000000000000000000g", "date": "2017-01-24", "exception_type": false}, {"service_id": "0000000000000000000b", "date": "2017-02-06", "exception_type": true}, {"service_id": "00000000000000000008", "date": "2017-01-27", "exception_type": false}, {"service_id": "0000000000000000000h", "date": "2017-02-27", "exception_type": true}, {"service_id": "0000000000000000000i", "date": "2017-03-14", "exception_type": false}, {"service_id": "0000000000000000000p", "date": "2017-02-26", "exception_type": true}, {"service_id": "0000000000000000000d", "date": "2017-03-07", "exception_type": false}, {"service_id": "0000000000000000000f", "date": "2017-01-28", "exception_type": true}, {"service_id": "00000000000000000004", "date": "2017-03-06", "exception_type": false}, {"service_id": "00000000000000000009", "date": "2017-01-21", "exception_type": true}, {"service_id": "00000000000000000002", "date": "2017-01-16", "exception_type": false}, {"service_id": "0000000000000000000e", "date": "2017-02-08", "exception_type": true}, {"service_id": "00000000000000000001", "date": "2017-02-10", "exception_type": false}, {"service_id": "00000000000000000007", "date": "2017-02-24", "exception_type": true}, {"service_id": "0000000000000000000o", "date": "2017-02-21", "exception_type": false}, {"service_id": "0000000000000000000k", "date": "2017-01-31", "exception_type": true}, {"service_id": "0000000000000000000c", "date": "2017-03-08", "exception_type": false}, {"service_id": "0000000000000000000a", "date": "2017-02-04", "exception_type": true}, {"service_id": "00000000000000000006", "date": "2017-01-13", "exception_type": false}, {"service_id": "00000000000000000005", "date": "2017-03-02", "exception_type": true}, {"service_id": "00000000000000000003", "date": "2017-01-22", "exception_type": false}, {"service_id": "0000000000000000000l", "date": "2017-01-23", "exception_type": true}, {"service_id": "0000000000000000000j", "date": "2017-01-30", "exception_type": false}, {"service_id": "0000000000000000000m", "date": "2017-01-18", "exception_type": true}, {"service_id": "0000000000000000000n", "date": "2017-02-05", "exception_type": false}, {"service_id": "0000000000000000000g", "date": "2017-01-20", "exception_type": true}, {"service_id": "0000000000000000000b", "date": "2017-01-09", "exception_type": false}, {"service_id": "00000000000000000008", "date": "2017-02-02", "exception_type": true}, {"service_id": "0000000000000000000h", "date": "2017-03-05", "exception_type": false}, {"service_id": "0000000000000000000i", "date": "2017-01-14", "exception_type": true}, {"service_id": "0000000000000000000p", "date": "2017-03-09", "exception_type": false}, {"service_id": "0000000000000000000d", "date": "2017-02-11", "exception_type": true}, {"service_id": "0000000000000000000f", "date": "2017-03-03", "exception_type": false}, {"service_id": "00000000000000000004", "date": "2017-03-12", "exception_type": true}, {"service_id": "00000000000000000009", "date": "2017-03-04", "exception_type": false}, {"service_id": "00000000000000000002", "date": "2017-01-07", "exception_type": true}, {"service_id": "0000000000000000000e", "date": "2017-01-19", "exception_type": false}, {"service_id": "00000000000000000001", "date": "2017-03-01", "exception_type": true}, {"service_id": "00000000000000000007", "date": "2017-03-15", "exception_type": false}, {"service_id": "0000000000000000000o", "date": "2017-02-22", "exception_type": true}, {"service_id": "0000000000000000000k", "date": "2017-02-07", "exception_type": false}, {"service_id": "0000000000000000000c", "date": "2017-02-03", "exception_type": true}, {"service_id": "0000000000000000000a", "date": "2017-01-06", "exception_type": false}, {"service_id": "00000000000000000006", "date": "2017-01-12", "exception_type": true}, {"service_id": "00000000000000000005", "date": "2017-02-23", "exception_type": false}, {"service_id": "00000000000000000003", "date": "2017-02-14", "exception_type": true}, {"service_id": "0000000000000000000l", "date": "2017-02-15", "exception_type": false}, {"service_id": "0000000000000000000j", "date": "2017-01-29", "exception_type": true}, {"service_id": "0000000000000000000m", "date": "2017-03-13", "exception_type": false}, {"service_id": "0000000000000000000n", "date": "2017-03-11", "exception_type": true}, {"service_id": "0000000000000000000g", "date": "2017-02-25", "exception_type": false}, {"service_id": "0000000000000000000b", "date": "2017-02-28", "exception_type": true}, {"service_id": "00000000000000000008", "date": "2017-01-25", "exception_type": false}, {"service_id": "0000000000000000000h", "date": "2017-02-13", "exception_type": true}, {"service_id": "0000000000000000000i", "date": "2017-02-19", "exception_type": false}, {"service_id": "0000000000000000000p", "date": "2017-01-17", "exception_type": true}, {"service_id": "0000000000000000000d", "date": "2017-02-01", "exception_type": false}, {"service_id": "0000000000000000000f", "date": "2017-01-15", "exception_type": true}, {"service_id": "00000000000000000004", "date": "2017-03-16", "exception_type": false}, {"service_id": "00000000000000000009", "date": "2017-01-11", "exception_type": true}, {"service_id": "00000000000000000002", "date": "2017-02-16", "exception_type": false}, {"service_id": "0000000000000000000e", "date": "2017-02-12", "exception_type": true}, {"service_id": "00000000000000000001", "date": "2017-03-10", "exception_type": false}, {"service_id": "00000000000000000007", "date": "2017-02-18", "exception_type": true}, {"service_id": "0000000000000000000o", "date": "2017-01-10", "exception_type": false}, {"service_id": "0000000000000000000k", "date": "2017-02-09", "exception_type": true}, {"service_id": "0000000000000000000c", "date": "2017-02-17", "exception_type": false}, {"service_id": "0000000000000000000a", "date": "2017-01-08", "exception_type": true}, {"service_id": "00000000000000000006", "date": "2017-01-26", "exception_type": false}, {"service_id": "00000000000000000005", "date": "2017-02-20", "exception_type": true}, {"service_id": "00000000000000000003", "date": "2017-01-24", "exception_type": false}, {"service_id": "0000000000000000000l", "date": "2017-02-06", "exception_type": true}, {"service_id": "0000000000000000000j", "date": "2017-01-27", "exception_type": false}, {"service_id": "0000000000000000000m", "date": "2017-02-27", "exception_type": true}, {"service_id": "0000000000000000000n", "date": "2017-03-14", "exception_type": false}, {"service_id": "0000000000000000000g", "date": "2017-02-26", "exception_type": true}, {"service_id": "0000000000000000000b", "date": "2017-03-07", "exception_type": false}, {"service_id": "00000000000000000008", "date": "2017-01-28", "exception_type": true}, {"service_id": "0000000000000000000h", "date": "2017-03-06", "exception_type": false}, {"service_id": "0000000000000000000i", "date": "2017-01-21", "exception_type": true}, {"service_id": "0000000000000000000p", "date": "2017-01-16", "exception_type": false}, {"service_id": "0000000000000000000d", "date": "2017-02-08", "exception_type": true}, {"service_id": "0000000000000000000f", "date": "2017-02-10", "exception_type": false}, {"service_id": "00000000000000000004", "date": "2017-02-24", "exception_type": true}, {"service_id": "00000000000000000009", "date": "2017-02-21", "exception_type": false}, {"service_id": "00000000000000000002", "date": "2017-01-31", "exception_type": true}, {"service_id": "0000000000000000000e", "date": "2017-03-08", "exception_type": false}, {"service_id": "00000000000000000001", "date": "2017-02-04", "exception_type": true}, {"service_id": "00000000000000000007", "date": "2017-01-13", "exception_type": false}, {"service_id": "0000000000000000000o", "date": "2017-03-02", "exception_type": true}, {"service_id": "0000000000000000000k", "date": "2017-01-22", "exception_type": false}, {"service_id": "0000000000000000000c", "date": "2017-01-23", "exception_type": true}, {"service_id": "0000000000000000000a", "date": "2017-01-30", "exception_type": false}, {"service_id": "00000000000000000006", "date": "2017-01-18", "exception_type": true}, {"service_id": "00000000000000000005", "date": "2017-02-05", "exception_type": false}, {"service_id": "00000000000000000003", "date": "2017-01-20", "exception_type": true}, {"service_id": "0000000000000000000l", "date": "2017-01-09", "exception_type": false}, {"service_id": "0000000000000000000j", "date": "2017-02-02", "exception_type": true}, {"service_id": "0000000000000000000m", "date": "2017-03-05", "exception_type": false}, {"service_id": "0000000000000000000n", "date": "2017-01-14", "exception_type": true}, {"service_id": "0000000000000000000g", "date": "2017-03-09", "exception_type": false}, {"service_id": "0000000000000000000b", "date": "2017-02-11", "exception_type": true}, {"service_id": "00000000000000000008", "date": "2017-03-03", "exception_type": false}, {"service_id": "0000000000000000000h", "date": "2017-03-12", "exception_type": true}, {"service_id": "0000000000000000000i", "date": "2017-03-04", "exception_type": false}, {"service_id": "0000000000000000000p", "date": "2017-01-07", "exception_type": true}, {"service_id": "0000000000000000000d", "date": "2017-01-19", "exception_type": false}, {"service_id": "0000000000000000000f", "date": "2017-03-01", "exception_type": true}, {"service_id": "00000000000000000004", "date": "2017-03-15", "exception_type": false}, {"service_id": "00000000000000000009", "date": "2017-02-22", "exception_type": true}, {"service_id": "00000000000000000002", "date": "2017-02-07", "exception_type": false}, {"service_id": "0000000000000000000e", "date": "2017-02-03", "exception_type": true}, {"service_id": "00000000000000000001", "date": "2017-01-06", "exception_type": false}, {"service_id": "00000000000000000007", "date": "2017-01-12", "exception_type": true}]